SIGNAL,GROUP,TIMES,NODES
START,END,TIMING,PHASING,NOTES
16,0,1,16
0:00,2@12:00,1,1,3 Phase Timed
17,0,1,17
0:00,2@12:00,1,1,3 Phase Timed
22,0,1,22
0:00,2@12:00,1,1,3 Phase Timed
34,0,1,34
0:00,2@12:00,1,1,4 Phase Timed
35,0,1,35
0:00,2@12:00,1,1,3 Phase Timed
36,0,1,36
0:00,2@12:00,1,1,2 Phase Timed
41,0,1,41
0:00,2@12:00,1,1,2 Phase Timed
42,0,1,42
0:00,2@12:00,1,1,4 Phase Timed
44,0,1,44
0:00,2@12:00,1,1,4 Phase Timed
50,0,1,50
0:00,2@12:00,1,1,3 Phase Timed
51,0,1,51
0:00,2@12:00,1,1,2 Phase Timed
59,0,1,59
0:00,2@12:00,1,1,3 Phase Timed
60,0,1,60
0:00,2@12:00,1,1,4 Phase Timed
61,0,1,61
0:00,2@12:00,1,1,3 Phase Timed
62,0,1,62
0:00,2@12:00,1,1,3 Phase Timed
65,0,1,65
0:00,2@12:00,1,1,3 Phase Timed
67,0,1,67
0:00,2@12:00,1,1,4 Phase Timed
70,0,1,70
0:00,2@12:00,1,1,2 Phase Timed
72,0,1,72
0:00,2@12:00,1,1,3 Phase Timed
75,0,1,75
0:00,2@12:00,1,1,3 Phase Timed
76,0,1,76
0:00,2@12:00,1,1,4 Phase Timed
77,0,1,77
0:00,2@12:00,1,1,2 Phase Timed
120,0,1,120
0:00,2@12:00,1,1,3 Phase Timed
122,0,1,122
0:00,2@12:00,1,1,3 Phase Timed
125,0,1,125
0:00,2@12:00,1,1,2 Phase Timed
127,0,1,127
0:00,2@12:00,1,1,2 Phase Timed
128,0,1,128
0:00,2@12:00,1,1,2 Phase Timed
148,0,1,148
0:00,2@12:00,1,1,2 Phase Timed
168,0,1,168
0:00,2@12:00,1,1,2 Phase Timed
174,0,1,174
0:00,2@12:00,1,1,2 Phase Timed
177,0,1,177
0:00,2@12:00,1,1,3 Phase Timed
280,0,1,280
0:00,2@12:00,1,1,2 Phase Timed
284,0,1,284
0:00,2@12:00,1,1,3 Phase Timed
288,0,1,288
0:00,2@12:00,1,1,2 Phase Timed
296,0,1,296
0:00,2@12:00,1,1,4 Phase Timed
307,0,1,307
0:00,2@12:00,1,1,4 Phase Timed
309,0,1,309
0:00,2@12:00,1,1,4 Phase Timed
310,0,1,310
0:00,2@12:00,1,1,3 Phase Timed
359,0,1,359
0:00,2@12:00,1,1,3 Phase Timed
376,0,1,376
0:00,2@12:00,1,1,3 Phase Timed
422,0,1,422
0:00,2@12:00,1,1,2 Phase Timed
425,0,1,425
0:00,2@12:00,1,1,2 Phase Timed
427,0,1,427
0:00,2@12:00,1,1,2 Phase Timed
432,0,1,432
0:00,2@12:00,1,1,4 Phase Timed
447,0,1,447
0:00,2@12:00,1,1,2 Phase Timed
448,0,1,448
0:00,2@12:00,1,1,2 Phase Timed
450,0,1,450
0:00,2@12:00,1,1,2 Phase Timed
460,0,1,460
0:00,2@12:00,1,1,2 Phase Timed
478,0,1,478
0:00,2@12:00,1,1,3 Phase Timed
480,0,1,480
0:00,2@12:00,1,1,2 Phase Timed
483,0,1,483
0:00,2@12:00,1,1,3 Phase Timed
489,0,1,489
0:00,2@12:00,1,1,3 Phase Timed
490,0,1,490
0:00,2@12:00,1,1,3 Phase Timed
493,0,1,493
0:00,2@12:00,1,1,2 Phase Timed
514,0,1,514
0:00,2@12:00,1,1,2 Phase Timed
515,0,1,515
0:00,2@12:00,1,1,3 Phase Timed
519,0,1,519
0:00,2@12:00,1,1,3 Phase Timed
523,0,1,523
0:00,2@12:00,1,1,2 Phase Timed
543,0,1,543
0:00,2@12:00,1,1,3 Phase Timed
549,0,1,549
0:00,2@12:00,1,1,3 Phase Timed
557,0,1,557
0:00,2@12:00,1,1,2 Phase Timed
558,0,1,558
0:00,2@12:00,1,1,3 Phase Timed
560,0,1,560
0:00,2@12:00,1,1,2 Phase Timed
563,0,1,563
0:00,2@12:00,1,1,3 Phase Timed
564,0,1,564
0:00,2@12:00,1,1,3 Phase Timed
567,0,1,567
0:00,2@12:00,1,1,3 Phase Timed
573,0,1,573
0:00,2@12:00,1,1,2 Phase Timed
576,0,1,576
0:00,2@12:00,1,1,3 Phase Timed
585,0,1,585
0:00,2@12:00,1,1,3 Phase Timed
590,0,1,590
0:00,2@12:00,1,1,4 Phase Timed
591,0,1,591
0:00,2@12:00,1,1,3 Phase Timed
596,0,1,596
0:00,2@12:00,1,1,3 Phase Actua
601,0,1,601
0:00,2@12:00,1,1,4 Phase Timed
603,0,1,603
0:00,2@12:00,1,1,4 Phase Timed
606,0,1,606
0:00,2@12:00,1,1,3 Phase Timed
607,0,1,607
0:00,2@12:00,1,1,4 Phase Timed
620,0,1,620
0:00,2@12:00,1,1,3 Phase Timed
622,0,1,622
0:00,2@12:00,1,1,3 Phase Timed
627,0,1,627
0:00,2@12:00,1,1,2 Phase Timed
630,0,1,630
0:00,2@12:00,1,1,2 Phase Timed
631,0,1,631
0:00,2@12:00,1,1,3 Phase Timed
632,0,1,632
0:00,2@12:00,1,1,3 Phase Timed
633,0,1,633
0:00,2@12:00,1,1,2 Phase Timed
634,0,1,634
0:00,2@12:00,1,1,2 Phase Timed
640,0,1,640
0:00,2@12:00,1,1,3 Phase Timed
641,0,1,641
0:00,2@12:00,1,1,3 Phase Timed
642,0,1,642
0:00,2@12:00,1,1,2 Phase Timed
643,0,1,643
0:00,2@12:00,1,1,2 Phase Timed
644,0,1,644
0:00,2@12:00,1,1,3 Phase Timed
645,0,1,645
0:00,2@12:00,1,1,4 Phase Timed
648,0,1,648
0:00,2@12:00,1,1,2 Phase Timed
654,0,1,654
0:00,2@12:00,1,1,3 Phase Timed
659,0,1,659
0:00,2@12:00,1,1,3 Phase Timed
662,0,1,662
0:00,2@12:00,1,1,3 Phase Timed
666,0,1,666
0:00,2@12:00,1,1,2 Phase Timed
672,0,1,672
0:00,2@12:00,1,1,3 Phase Timed
673,0,1,673
0:00,2@12:00,1,1,2 Phase Timed
677,0,1,677
0:00,2@12:00,1,1,2 Phase Timed
688,0,1,688
0:00,2@12:00,1,1,2 Phase Timed
696,0,1,696
0:00,2@12:00,1,1,2 Phase Timed
698,0,1,698
0:00,2@12:00,1,1,2 Phase Timed
700,0,1,700
0:00,2@12:00,1,1,2 Phase Actua
701,0,1,701
0:00,2@12:00,1,1,2 Phase Timed
704,0,1,704
0:00,2@12:00,1,1,2 Phase Timed
712,0,1,712
0:00,2@12:00,1,1,2 Phase Timed
720,0,1,720
0:00,2@12:00,1,1,3 Phase Timed
728,0,1,728
0:00,2@12:00,1,1,3 Phase Timed
729,0,1,729
0:00,2@12:00,1,1,3 Phase Timed
735,0,1,735
0:00,2@12:00,1,1,4 Phase Timed
757,0,1,757
0:00,2@12:00,1,1,2 Phase Timed
770,0,1,770
0:00,2@12:00,1,1,3 Phase Timed
772,0,1,772
0:00,2@12:00,1,1,3 Phase Timed
786,0,1,786
0:00,2@12:00,1,1,4 Phase Timed
790,0,1,790
0:00,2@12:00,1,1,4 Phase Timed
794,0,1,794
0:00,2@12:00,1,1,3 Phase Timed
795,0,1,795
0:00,2@12:00,1,1,3 Phase Timed
797,0,1,797
0:00,2@12:00,1,1,2 Phase Timed
799,0,1,799
0:00,2@12:00,1,1,2 Phase Timed
808,0,1,808
0:00,2@12:00,1,1,2 Phase Timed
811,0,1,811
0:00,2@12:00,1,1,2 Phase Timed
815,0,1,815
0:00,2@12:00,1,1,2 Phase Timed
822,0,1,822
0:00,2@12:00,1,1,2 Phase Timed
823,0,1,823
0:00,2@12:00,1,1,3 Phase Timed
841,0,1,841
0:00,2@12:00,1,1,2 Phase Timed
859,0,1,859
0:00,2@12:00,1,1,2 Phase Timed
882,0,1,882
0:00,2@12:00,1,1,4 Phase Timed
886,0,1,886
0:00,2@12:00,1,1,4 Phase Timed
887,0,1,887
0:00,2@12:00,1,1,3 Phase Timed
898,0,1,898
0:00,2@12:00,1,1,3 Phase Timed
912,0,1,912
0:00,2@12:00,1,1,2 Phase Timed
934,0,1,934
0:00,2@12:00,1,1,4 Phase Timed
941,0,1,941
0:00,2@12:00,1,1,4 Phase Timed
951,0,1,951
0:00,2@12:00,1,1,2 Phase Timed
954,0,1,954
0:00,2@12:00,1,1,3 Phase Timed
965,0,1,965
0:00,2@12:00,1,1,4 Phase Timed
969,0,1,969
0:00,2@12:00,1,1,3 Phase Timed
970,0,1,970
0:00,2@12:00,1,1,3 Phase Timed
973,0,1,973
0:00,2@12:00,1,1,3 Phase Timed
974,0,1,974
0:00,2@12:00,1,1,4 Phase Timed
975,0,1,975
0:00,2@12:00,1,1,3 Phase Timed
978,0,1,978
0:00,2@12:00,1,1,4 Phase Timed
979,0,1,979
0:00,2@12:00,1,1,3 Phase Timed
984,0,1,984
0:00,2@12:00,1,1,3 Phase Timed
985,0,1,985
0:00,2@12:00,1,1,3 Phase Timed
986,0,1,986
0:00,2@12:00,1,1,3 Phase Timed
988,0,1,988
0:00,2@12:00,1,1,3 Phase Timed
1000,0,1,1000
0:00,2@12:00,1,1,3 Phase Timed
1004,0,1,1004
0:00,2@12:00,1,1,2 Phase Timed
1005,0,1,1005
0:00,2@12:00,1,1,3 Phase Timed
1009,0,1,1009
0:00,2@12:00,1,1,2 Phase Timed
1011,0,1,1011
0:00,2@12:00,1,1,2 Phase Timed
1018,0,1,1018
0:00,2@12:00,1,1,3 Phase Timed
1022,0,1,1022
0:00,2@12:00,1,1,2 Phase Timed
1023,0,1,1023
0:00,2@12:00,1,1,2 Phase Timed
1025,0,1,1025
0:00,2@12:00,1,1,2 Phase Timed
1029,0,1,1029
0:00,2@12:00,1,1,2 Phase Timed
1033,0,1,1033
0:00,2@12:00,1,1,3 Phase Timed
1036,0,1,1036
0:00,2@12:00,1,1,2 Phase Timed
1047,0,1,1047
0:00,2@12:00,1,1,2 Phase Timed
1049,0,1,1049
0:00,2@12:00,1,1,2 Phase Timed
1064,0,1,1064
0:00,2@12:00,1,1,3 Phase Timed
1067,0,1,1067
0:00,2@12:00,1,1,3 Phase Timed
1071,0,1,1071
0:00,2@12:00,1,1,2 Phase Timed
1072,0,1,1072
0:00,2@12:00,1,1,2 Phase Timed
1076,0,1,1076
0:00,2@12:00,1,1,2 Phase Timed
1082,0,1,1082
0:00,2@12:00,1,1,3 Phase Timed
1083,0,1,1083
0:00,2@12:00,1,1,3 Phase Timed
1095,0,1,1095
0:00,2@12:00,1,1,3 Phase Timed
1096,0,1,1096
0:00,2@12:00,1,1,3 Phase Timed
1098,0,1,1098
0:00,2@12:00,1,1,2 Phase Timed
1101,0,1,1101
0:00,2@12:00,1,1,4 Phase Timed
1102,0,1,1102
0:00,2@12:00,1,1,3 Phase Timed
1112,0,1,1112
0:00,2@12:00,1,1,2 Phase Timed
1114,0,1,1114
0:00,2@12:00,1,1,3 Phase Timed
1118,0,1,1118
0:00,2@12:00,1,1,3 Phase Timed
1121,0,1,1121
0:00,2@12:00,1,1,2 Phase Timed
1126,0,1,1126
0:00,2@12:00,1,1,2 Phase Timed
1132,0,1,1132
0:00,2@12:00,1,1,3 Phase Timed
1133,0,1,1133
0:00,2@12:00,1,1,3 Phase Timed
1136,0,1,1136
0:00,2@12:00,1,1,2 Phase Timed
1146,0,1,1146
0:00,2@12:00,1,1,3 Phase Timed
1148,0,1,1148
0:00,2@12:00,1,1,2 Phase Timed
1150,0,1,1150
0:00,2@12:00,1,1,2 Phase Timed
1151,0,1,1151
0:00,2@12:00,1,1,2 Phase Timed
1175,0,1,1175
0:00,2@12:00,1,1,2 Phase Timed
1185,0,1,1185
0:00,2@12:00,1,1,3 Phase Timed
1189,0,1,1189
0:00,2@12:00,1,1,2 Phase Timed
1190,0,1,1190
0:00,2@12:00,1,1,2 Phase Timed
1197,0,1,1197
0:00,2@12:00,1,1,2 Phase Timed
1205,0,1,1205
0:00,2@12:00,1,1,3 Phase Timed
1207,0,1,1207
0:00,2@12:00,1,1,2 Phase Timed
1209,0,1,1209
0:00,2@12:00,1,1,3 Phase Timed
1213,0,1,1213
0:00,2@12:00,1,1,3 Phase Timed
1214,0,1,1214
0:00,2@12:00,1,1,3 Phase Timed
1216,0,1,1216
0:00,2@12:00,1,1,2 Phase Timed
1218,0,1,1218
0:00,2@12:00,1,1,2 Phase Timed
1219,0,1,1219
0:00,2@12:00,1,1,3 Phase Timed
1244,0,1,1244
0:00,2@12:00,1,1,3 Phase Timed
1248,0,1,1248
0:00,2@12:00,1,1,2 Phase Timed
1251,0,1,1251
0:00,2@12:00,1,1,3 Phase Timed
1257,0,1,1257
0:00,2@12:00,1,1,2 Phase Timed
1259,0,1,1259
0:00,2@12:00,1,1,3 Phase Timed
1262,0,1,1262
0:00,2@12:00,1,1,2 Phase Timed
1269,0,1,1269
0:00,2@12:00,1,1,2 Phase Timed
1277,0,1,1277
0:00,2@12:00,1,1,3 Phase Timed
1281,0,1,1281
0:00,2@12:00,1,1,2 Phase Timed
1289,0,1,1289
0:00,2@12:00,1,1,2 Phase Timed
1292,0,1,1292
0:00,2@12:00,1,1,2 Phase Timed
1298,0,1,1298
0:00,2@12:00,1,1,3 Phase Timed
1316,0,1,1316
0:00,2@12:00,1,1,2 Phase Timed
1317,0,1,1317
0:00,2@12:00,1,1,2 Phase Timed
1318,0,1,1318
0:00,2@12:00,1,1,2 Phase Timed
1319,0,1,1319
0:00,2@12:00,1,1,2 Phase Timed
1320,0,1,1320
0:00,2@12:00,1,1,2 Phase Timed
1327,0,1,1327
0:00,2@12:00,1,1,2 Phase Timed
1332,0,1,1332
0:00,2@12:00,1,1,2 Phase Timed
1369,0,1,1369
0:00,2@12:00,1,1,3 Phase Timed
1376,0,1,1376
0:00,2@12:00,1,1,2 Phase Timed
1390,0,1,1390
0:00,2@12:00,1,1,3 Phase Timed
1394,0,1,1394
0:00,2@12:00,1,1,3 Phase Timed
1415,0,1,1415
0:00,2@12:00,1,1,4 Phase Timed
1417,0,1,1417
0:00,2@12:00,1,1,2 Phase Timed
1424,0,1,1424
0:00,2@12:00,1,1,2 Phase Timed
1427,0,1,1427
0:00,2@12:00,1,1,2 Phase Timed
1452,0,1,1452
0:00,2@12:00,1,1,2 Phase Timed
1454,0,1,1454
0:00,2@12:00,1,1,2 Phase Timed
1455,0,1,1455
0:00,2@12:00,1,1,3 Phase Timed
1457,0,1,1457
0:00,2@12:00,1,1,2 Phase Timed
1472,0,1,1472
0:00,2@12:00,1,1,2 Phase Timed
1473,0,1,1473
0:00,2@12:00,1,1,3 Phase Timed
1474,0,1,1474
0:00,2@12:00,1,1,2 Phase Timed
1480,0,1,1480
0:00,2@12:00,1,1,2 Phase Timed
1481,0,1,1481
0:00,2@12:00,1,1,3 Phase Timed
1492,0,1,1492
0:00,2@12:00,1,1,3 Phase Timed
1495,0,1,1495
0:00,2@12:00,1,1,2 Phase Timed
1508,0,1,1508
0:00,2@12:00,1,1,2 Phase Timed
1511,0,1,1511
0:00,2@12:00,1,1,3 Phase Timed
1517,0,1,1517
0:00,2@12:00,1,1,2 Phase Timed
1524,0,1,1524
0:00,2@12:00,1,1,3 Phase Timed
1526,0,1,1526
0:00,2@12:00,1,1,3 Phase Timed
1528,0,1,1528
0:00,2@12:00,1,1,3 Phase Timed
1530,0,1,1530
0:00,2@12:00,1,1,4 Phase Timed
1531,0,1,1531
0:00,2@12:00,1,1,3 Phase Timed
1534,0,1,1534
0:00,2@12:00,1,1,2 Phase Timed
1536,0,1,1536
0:00,2@12:00,1,1,3 Phase Timed
1537,0,1,1537
0:00,2@12:00,1,1,2 Phase Timed
1538,0,1,1538
0:00,2@12:00,1,1,3 Phase Timed
1541,0,1,1541
0:00,2@12:00,1,1,3 Phase Timed
1546,0,1,1546
0:00,2@12:00,1,1,3 Phase Timed
1547,0,1,1547
0:00,2@12:00,1,1,3 Phase Timed
1548,0,1,1548
0:00,2@12:00,1,1,3 Phase Timed
1553,0,1,1553
0:00,2@12:00,1,1,2 Phase Timed
1554,0,1,1554
0:00,2@12:00,1,1,3 Phase Timed
1558,0,1,1558
0:00,2@12:00,1,1,3 Phase Timed
1561,0,1,1561
0:00,2@12:00,1,1,2 Phase Timed
1563,0,1,1563
0:00,2@12:00,1,1,4 Phase Timed
1570,0,1,1570
0:00,2@12:00,1,1,3 Phase Timed
1572,0,1,1572
0:00,2@12:00,1,1,3 Phase Timed
1574,0,1,1574
0:00,2@12:00,1,1,3 Phase Timed
1576,0,1,1576
0:00,2@12:00,1,1,2 Phase Timed
1577,0,1,1577
0:00,2@12:00,1,1,3 Phase Timed
1579,0,1,1579
0:00,2@12:00,1,1,2 Phase Timed
1580,0,1,1580
0:00,2@12:00,1,1,2 Phase Timed
1583,0,1,1583
0:00,2@12:00,1,1,3 Phase Timed
1585,0,1,1585
0:00,2@12:00,1,1,3 Phase Timed
1587,0,1,1587
0:00,2@12:00,1,1,3 Phase Timed
1589,0,1,1589
0:00,2@12:00,1,1,3 Phase Timed
1592,0,1,1592
0:00,2@12:00,1,1,3 Phase Timed
1593,0,1,1593
0:00,2@12:00,1,1,3 Phase Timed
1595,0,1,1595
0:00,2@12:00,1,1,3 Phase Timed
1602,0,1,1602
0:00,2@12:00,1,1,3 Phase Timed
1606,0,1,1606
0:00,2@12:00,1,1,2 Phase Timed
1608,0,1,1608
0:00,2@12:00,1,1,3 Phase Timed
1609,0,1,1609
0:00,2@12:00,1,1,3 Phase Timed
1612,0,1,1612
0:00,2@12:00,1,1,3 Phase Timed
1613,0,1,1613
0:00,2@12:00,1,1,2 Phase Timed
1614,0,1,1614
0:00,2@12:00,1,1,3 Phase Timed
1621,0,1,1621
0:00,2@12:00,1,1,4 Phase Timed
1622,0,1,1622
0:00,2@12:00,1,1,3 Phase Timed
1623,0,1,1623
0:00,2@12:00,1,1,2 Phase Timed
1625,0,1,1625
0:00,2@12:00,1,1,3 Phase Timed
1626,0,1,1626
0:00,2@12:00,1,1,3 Phase Timed
1627,0,1,1627
0:00,2@12:00,1,1,3 Phase Timed
1631,0,1,1631
0:00,2@12:00,1,1,4 Phase Timed
1633,0,1,1633
0:00,2@12:00,1,1,3 Phase Timed
1634,0,1,1634
0:00,2@12:00,1,1,2 Phase Timed
1636,0,1,1636
0:00,2@12:00,1,1,3 Phase Timed
1641,0,1,1641
0:00,2@12:00,1,1,3 Phase Timed
1642,0,1,1642
0:00,2@12:00,1,1,3 Phase Timed
1644,0,1,1644
0:00,2@12:00,1,1,3 Phase Timed
1645,0,1,1645
0:00,2@12:00,1,1,2 Phase Timed
1648,0,1,1648
0:00,2@12:00,1,1,4 Phase Timed
1652,0,1,1652
0:00,2@12:00,1,1,3 Phase Timed
1654,0,1,1654
0:00,2@12:00,1,1,4 Phase Timed
1657,0,1,1657
0:00,2@12:00,1,1,3 Phase Timed
1658,0,1,1658
0:00,2@12:00,1,1,3 Phase Timed
1659,0,1,1659
0:00,2@12:00,1,1,4 Phase Timed
1660,0,1,1660
0:00,2@12:00,1,1,2 Phase Timed
1662,0,1,1662
0:00,2@12:00,1,1,4 Phase Timed
1664,0,1,1664
0:00,2@12:00,1,1,2 Phase Timed
1667,0,1,1667
0:00,2@12:00,1,1,3 Phase Timed
1673,0,1,1673
0:00,2@12:00,1,1,3 Phase Timed
1675,0,1,1675
0:00,2@12:00,1,1,2 Phase Timed
1676,0,1,1676
0:00,2@12:00,1,1,3 Phase Timed
1677,0,1,1677
0:00,2@12:00,1,1,3 Phase Timed
1679,0,1,1679
0:00,2@12:00,1,1,4 Phase Timed
1681,0,1,1681
0:00,2@12:00,1,1,3 Phase Timed
1683,0,1,1683
0:00,2@12:00,1,1,3 Phase Timed
1685,0,1,1685
0:00,2@12:00,1,1,4 Phase Timed
1687,0,1,1687
0:00,2@12:00,1,1,3 Phase Timed
1688,0,1,1688
0:00,2@12:00,1,1,3 Phase Timed
1689,0,1,1689
0:00,2@12:00,1,1,3 Phase Timed
1690,0,1,1690
0:00,2@12:00,1,1,3 Phase Timed
1696,0,1,1696
0:00,2@12:00,1,1,2 Phase Timed
1697,0,1,1697
0:00,2@12:00,1,1,2 Phase Timed
1700,0,1,1700
0:00,2@12:00,1,1,3 Phase Timed
1703,0,1,1703
0:00,2@12:00,1,1,3 Phase Timed
1710,0,1,1710
0:00,2@12:00,1,1,3 Phase Timed
1715,0,1,1715
0:00,2@12:00,1,1,3 Phase Timed
1716,0,1,1716
0:00,2@12:00,1,1,4 Phase Timed
1717,0,1,1717
0:00,2@12:00,1,1,4 Phase Timed
1721,0,1,1721
0:00,2@12:00,1,1,3 Phase Timed
1722,0,1,1722
0:00,2@12:00,1,1,4 Phase Timed
1723,0,1,1723
0:00,2@12:00,1,1,4 Phase Timed
1725,0,1,1725
0:00,2@12:00,1,1,3 Phase Timed
1726,0,1,1726
0:00,2@12:00,1,1,4 Phase Timed
1730,0,1,1730
0:00,2@12:00,1,1,3 Phase Timed
1731,0,1,1731
0:00,2@12:00,1,1,3 Phase Timed
1732,0,1,1732
0:00,2@12:00,1,1,2 Phase Timed
1735,0,1,1735
0:00,2@12:00,1,1,2 Phase Timed
1738,0,1,1738
0:00,2@12:00,1,1,3 Phase Timed
1739,0,1,1739
0:00,2@12:00,1,1,3 Phase Timed
1740,0,1,1740
0:00,2@12:00,1,1,4 Phase Timed
1743,0,1,1743
0:00,2@12:00,1,1,2 Phase Timed
1744,0,1,1744
0:00,2@12:00,1,1,3 Phase Timed
1745,0,1,1745
0:00,2@12:00,1,1,4 Phase Timed
1746,0,1,1746
0:00,2@12:00,1,1,2 Phase Timed
1747,0,1,1747
0:00,2@12:00,1,1,3 Phase Timed
1749,0,1,1749
0:00,2@12:00,1,1,4 Phase Timed
1751,0,1,1751
0:00,2@12:00,1,1,2 Phase Timed
1752,0,1,1752
0:00,2@12:00,1,1,2 Phase Timed
1754,0,1,1754
0:00,2@12:00,1,1,2 Phase Timed
1755,0,1,1755
0:00,2@12:00,1,1,2 Phase Timed
1757,0,1,1757
0:00,2@12:00,1,1,3 Phase Timed
1761,0,1,1761
0:00,2@12:00,1,1,4 Phase Timed
1765,0,1,1765
0:00,2@12:00,1,1,2 Phase Timed
1766,0,1,1766
0:00,2@12:00,1,1,3 Phase Timed
1768,0,1,1768
0:00,2@12:00,1,1,3 Phase Timed
1771,0,1,1771
0:00,2@12:00,1,1,2 Phase Timed
1777,0,1,1777
0:00,2@12:00,1,1,2 Phase Timed
1778,0,1,1778
0:00,2@12:00,1,1,2 Phase Timed
1779,0,1,1779
0:00,2@12:00,1,1,3 Phase Timed
1780,0,1,1780
0:00,2@12:00,1,1,3 Phase Timed
1781,0,1,1781
0:00,2@12:00,1,1,3 Phase Timed
1782,0,1,1782
0:00,2@12:00,1,1,2 Phase Timed
1785,0,1,1785
0:00,2@12:00,1,1,3 Phase Timed
1787,0,1,1787
0:00,2@12:00,1,1,2 Phase Timed
1790,0,1,1790
0:00,2@12:00,1,1,3 Phase Timed
1792,0,1,1792
0:00,2@12:00,1,1,3 Phase Timed
1793,0,1,1793
0:00,2@12:00,1,1,3 Phase Timed
1794,0,1,1794
0:00,2@12:00,1,1,2 Phase Timed
1795,0,1,1795
0:00,2@12:00,1,1,2 Phase Timed
1797,0,1,1797
0:00,2@12:00,1,1,3 Phase Timed
1800,0,1,1800
0:00,2@12:00,1,1,3 Phase Timed
1801,0,1,1801
0:00,2@12:00,1,1,3 Phase Timed
1803,0,1,1803
0:00,2@12:00,1,1,3 Phase Timed
1810,0,1,1810
0:00,2@12:00,1,1,3 Phase Timed
1815,0,1,1815
0:00,2@12:00,1,1,2 Phase Timed
1829,0,1,1829
0:00,2@12:00,1,1,3 Phase Timed
1836,0,1,1836
0:00,2@12:00,1,1,2 Phase Timed
1839,0,1,1839
0:00,2@12:00,1,1,3 Phase Timed
1842,0,1,1842
0:00,2@12:00,1,1,4 Phase Timed
1848,0,1,1848
0:00,2@12:00,1,1,3 Phase Timed
1849,0,1,1849
0:00,2@12:00,1,1,3 Phase Timed
1852,0,1,1852
0:00,2@12:00,1,1,3 Phase Timed
1853,0,1,1853
0:00,2@12:00,1,1,3 Phase Timed
1862,0,1,1862
0:00,2@12:00,1,1,3 Phase Timed
1865,0,1,1865
0:00,2@12:00,1,1,3 Phase Timed
1866,0,1,1866
0:00,2@12:00,1,1,3 Phase Timed
1872,0,1,1872
0:00,2@12:00,1,1,2 Phase Timed
1878,0,1,1878
0:00,2@12:00,1,1,2 Phase Timed
1879,0,1,1879
0:00,2@12:00,1,1,3 Phase Timed
1884,0,1,1884
0:00,2@12:00,1,1,3 Phase Timed
1885,0,1,1885
0:00,2@12:00,1,1,4 Phase Timed
1887,0,1,1887
0:00,2@12:00,1,1,3 Phase Timed
1889,0,1,1889
0:00,2@12:00,1,1,2 Phase Timed
1891,0,1,1891
0:00,2@12:00,1,1,3 Phase Timed
1894,0,1,1894
0:00,2@12:00,1,1,3 Phase Timed
1896,0,1,1896
0:00,2@12:00,1,1,3 Phase Timed
1908,0,1,1908
0:00,2@12:00,1,1,2 Phase Timed
1911,0,1,1911
0:00,2@12:00,1,1,4 Phase Timed
1915,0,1,1915
0:00,2@12:00,1,1,4 Phase Timed
1918,0,1,1918
0:00,2@12:00,1,1,3 Phase Timed
1919,0,1,1919
0:00,2@12:00,1,1,3 Phase Timed
1937,0,1,1937
0:00,2@12:00,1,1,3 Phase Timed
1938,0,1,1938
0:00,2@12:00,1,1,4 Phase Timed
1940,0,1,1940
0:00,2@12:00,1,1,3 Phase Timed
1949,0,1,1949
0:00,2@12:00,1,1,2 Phase Timed
1950,0,1,1950
0:00,2@12:00,1,1,3 Phase Timed
1952,0,1,1952
0:00,2@12:00,1,1,3 Phase Timed
1953,0,1,1953
0:00,2@12:00,1,1,4 Phase Timed
1956,0,1,1956
0:00,2@12:00,1,1,2 Phase Timed
1958,0,1,1958
0:00,2@12:00,1,1,3 Phase Timed
1960,0,1,1960
0:00,2@12:00,1,1,3 Phase Timed
1966,0,1,1966
0:00,2@12:00,1,1,3 Phase Timed
1971,0,1,1971
0:00,2@12:00,1,1,3 Phase Timed
1973,0,1,1973
0:00,2@12:00,1,1,3 Phase Timed
1975,0,1,1975
0:00,2@12:00,1,1,3 Phase Timed
1979,0,1,1979
0:00,2@12:00,1,1,2 Phase Timed
1982,0,1,1982
0:00,2@12:00,1,1,2 Phase Timed
1983,0,1,1983
0:00,2@12:00,1,1,3 Phase Timed
1985,0,1,1985
0:00,2@12:00,1,1,3 Phase Timed
1988,0,1,1988
0:00,2@12:00,1,1,3 Phase Timed
1990,0,1,1990
0:00,2@12:00,1,1,3 Phase Timed
1993,0,1,1993
0:00,2@12:00,1,1,4 Phase Timed
1999,0,1,1999
0:00,2@12:00,1,1,3 Phase Timed
2000,0,1,2000
0:00,2@12:00,1,1,3 Phase Timed
2006,0,1,2006
0:00,2@12:00,1,1,3 Phase Timed
2007,0,1,2007
0:00,2@12:00,1,1,4 Phase Timed
2013,0,1,2013
0:00,2@12:00,1,1,2 Phase Timed
2020,0,1,2020
0:00,2@12:00,1,1,3 Phase Timed
2027,0,1,2027
0:00,2@12:00,1,1,3 Phase Timed
2029,0,1,2029
0:00,2@12:00,1,1,2 Phase Timed
2036,0,1,2036
0:00,2@12:00,1,1,3 Phase Timed
2041,0,1,2041
0:00,2@12:00,1,1,2 Phase Timed
2049,0,1,2049
0:00,2@12:00,1,1,4 Phase Timed
2052,0,1,2052
0:00,2@12:00,1,1,2 Phase Timed
2053,0,1,2053
0:00,2@12:00,1,1,2 Phase Timed
2057,0,1,2057
0:00,2@12:00,1,1,2 Phase Timed
2063,0,1,2063
0:00,2@12:00,1,1,4 Phase Timed
2074,0,1,2074
0:00,2@12:00,1,1,4 Phase Timed
2079,0,1,2079
0:00,2@12:00,1,1,4 Phase Timed
2085,0,1,2085
0:00,2@12:00,1,1,4 Phase Timed
2094,0,1,2094
0:00,2@12:00,1,1,3 Phase Timed
2095,0,1,2095
0:00,2@12:00,1,1,3 Phase Timed
2106,0,1,2106
0:00,2@12:00,1,1,3 Phase Timed
2108,0,1,2108
0:00,2@12:00,1,1,3 Phase Timed
2114,0,1,2114
0:00,2@12:00,1,1,3 Phase Timed
2122,0,1,2122
0:00,2@12:00,1,1,3 Phase Timed
2124,0,1,2124
0:00,2@12:00,1,1,3 Phase Timed
2125,0,1,2125
0:00,2@12:00,1,1,4 Phase Timed
2126,0,1,2126
0:00,2@12:00,1,1,3 Phase Timed
2133,0,1,2133
0:00,2@12:00,1,1,3 Phase Timed
2150,0,1,2150
0:00,2@12:00,1,1,2 Phase Timed
2158,0,1,2158
0:00,2@12:00,1,1,3 Phase Timed
2160,0,1,2160
0:00,2@12:00,1,1,2 Phase Timed
2161,0,1,2161
0:00,2@12:00,1,1,3 Phase Timed
2176,0,1,2176
0:00,2@12:00,1,1,2 Phase Timed
2182,0,1,2182
0:00,2@12:00,1,1,2 Phase Timed
2186,0,1,2186
0:00,2@12:00,1,1,2 Phase Timed
2188,0,1,2188
0:00,2@12:00,1,1,2 Phase Timed
2191,0,1,2191
0:00,2@12:00,1,1,2 Phase Timed
2197,0,1,2197
0:00,2@12:00,1,1,2 Phase Timed
2203,0,1,2203
0:00,2@12:00,1,1,3 Phase Timed
2208,0,1,2208
0:00,2@12:00,1,1,2 Phase Timed
2212,0,1,2212
0:00,2@12:00,1,1,2 Phase Timed
2213,0,1,2213
0:00,2@12:00,1,1,3 Phase Timed
2218,0,1,2218
0:00,2@12:00,1,1,2 Phase Timed
2221,0,1,2221
0:00,2@12:00,1,1,2 Phase Timed
2239,0,1,2239
0:00,2@12:00,1,1,4 Phase Timed
2241,0,1,2241
0:00,2@12:00,1,1,3 Phase Timed
2250,0,1,2250
0:00,2@12:00,1,1,3 Phase Timed
2253,0,1,2253
0:00,2@12:00,1,1,2 Phase Timed
2255,0,1,2255
0:00,2@12:00,1,1,2 Phase Timed
2256,0,1,2256
0:00,2@12:00,1,1,3 Phase Timed
2258,0,1,2258
0:00,2@12:00,1,1,3 Phase Timed
2259,0,1,2259
0:00,2@12:00,1,1,3 Phase Timed
2261,0,1,2261
0:00,2@12:00,1,1,3 Phase Timed
2263,0,1,2263
0:00,2@12:00,1,1,2 Phase Timed
2264,0,1,2264
0:00,2@12:00,1,1,2 Phase Timed
2267,0,1,2267
0:00,2@12:00,1,1,2 Phase Timed
2268,0,1,2268
0:00,2@12:00,1,1,2 Phase Timed
2269,0,1,2269
0:00,2@12:00,1,1,3 Phase Timed
2272,0,1,2272
0:00,2@12:00,1,1,2 Phase Timed
2278,0,1,2278
0:00,2@12:00,1,1,3 Phase Timed
2279,0,1,2279
0:00,2@12:00,1,1,2 Phase Timed
2283,0,1,2283
0:00,2@12:00,1,1,2 Phase Timed
2289,0,1,2289
0:00,2@12:00,1,1,3 Phase Timed
2292,0,1,2292
0:00,2@12:00,1,1,3 Phase Timed
2297,0,1,2297
0:00,2@12:00,1,1,3 Phase Timed
2298,0,1,2298
0:00,2@12:00,1,1,2 Phase Timed
2301,0,1,2301
0:00,2@12:00,1,1,3 Phase Timed
2302,0,1,2302
0:00,2@12:00,1,1,2 Phase Timed
2303,0,1,2303
0:00,2@12:00,1,1,2 Phase Timed
2306,0,1,2306
0:00,2@12:00,1,1,4 Phase Timed
2307,0,1,2307
0:00,2@12:00,1,1,2 Phase Timed
2309,0,1,2309
0:00,2@12:00,1,1,2 Phase Timed
2313,0,1,2313
0:00,2@12:00,1,1,2 Phase Timed
2318,0,1,2318
0:00,2@12:00,1,1,2 Phase Timed
2323,0,1,2323
0:00,2@12:00,1,1,4 Phase Timed
2324,0,1,2324
0:00,2@12:00,1,1,2 Phase Timed
2327,0,1,2327
0:00,2@12:00,1,1,3 Phase Timed
2338,0,1,2338
0:00,2@12:00,1,1,3 Phase Timed
2339,0,1,2339
0:00,2@12:00,1,1,3 Phase Timed
2344,0,1,2344
0:00,2@12:00,1,1,3 Phase Timed
2347,0,1,2347
0:00,2@12:00,1,1,3 Phase Timed
2348,0,1,2348
0:00,2@12:00,1,1,2 Phase Timed
2379,0,1,2379
0:00,2@12:00,1,1,3 Phase Timed
2382,0,1,2382
0:00,2@12:00,1,1,3 Phase Timed
2383,0,1,2383
0:00,2@12:00,1,1,3 Phase Timed
2385,0,1,2385
0:00,2@12:00,1,1,2 Phase Timed
2388,0,1,2388
0:00,2@12:00,1,1,3 Phase Timed
2392,0,1,2392
0:00,2@12:00,1,1,2 Phase Timed
2393,0,1,2393
0:00,2@12:00,1,1,2 Phase Timed
2395,0,1,2395
0:00,2@12:00,1,1,3 Phase Timed
2399,0,1,2399
0:00,2@12:00,1,1,4 Phase Timed
2400,0,1,2400
0:00,2@12:00,1,1,4 Phase Timed
2402,0,1,2402
0:00,2@12:00,1,1,3 Phase Timed
2404,0,1,2404
0:00,2@12:00,1,1,4 Phase Timed
2406,0,1,2406
0:00,2@12:00,1,1,4 Phase Timed
2408,0,1,2408
0:00,2@12:00,1,1,3 Phase Timed
2410,0,1,2410
0:00,2@12:00,1,1,4 Phase Timed
2411,0,1,2411
0:00,2@12:00,1,1,4 Phase Timed
2413,0,1,2413
0:00,2@12:00,1,1,2 Phase Timed
2419,0,1,2419
0:00,2@12:00,1,1,4 Phase Timed
2422,0,1,2422
0:00,2@12:00,1,1,3 Phase Timed
2423,0,1,2423
0:00,2@12:00,1,1,4 Phase Timed
2424,0,1,2424
0:00,2@12:00,1,1,4 Phase Timed
2426,0,1,2426
0:00,2@12:00,1,1,3 Phase Timed
2431,0,1,2431
0:00,2@12:00,1,1,2 Phase Timed
2433,0,1,2433
0:00,2@12:00,1,1,3 Phase Timed
2435,0,1,2435
0:00,2@12:00,1,1,2 Phase Timed
2436,0,1,2436
0:00,2@12:00,1,1,3 Phase Timed
2437,0,1,2437
0:00,2@12:00,1,1,2 Phase Timed
2438,0,1,2438
0:00,2@12:00,1,1,4 Phase Timed
2440,0,1,2440
0:00,2@12:00,1,1,3 Phase Timed
2441,0,1,2441
0:00,2@12:00,1,1,3 Phase Timed
2443,0,1,2443
0:00,2@12:00,1,1,2 Phase Timed
2445,0,1,2445
0:00,2@12:00,1,1,3 Phase Timed
2447,0,1,2447
0:00,2@12:00,1,1,3 Phase Timed
2448,0,1,2448
0:00,2@12:00,1,1,3 Phase Timed
2453,0,1,2453
0:00,2@12:00,1,1,3 Phase Timed
2460,0,1,2460
0:00,2@12:00,1,1,3 Phase Timed
2476,0,1,2476
0:00,2@12:00,1,1,3 Phase Timed
2478,0,1,2478
0:00,2@12:00,1,1,2 Phase Timed
2488,0,1,2488
0:00,2@12:00,1,1,2 Phase Timed
2489,0,1,2489
0:00,2@12:00,1,1,3 Phase Timed
2490,0,1,2490
0:00,2@12:00,1,1,3 Phase Timed
2491,0,1,2491
0:00,2@12:00,1,1,3 Phase Timed
2496,0,1,2496
0:00,2@12:00,1,1,4 Phase Timed
2498,0,1,2498
0:00,2@12:00,1,1,3 Phase Timed
2499,0,1,2499
0:00,2@12:00,1,1,3 Phase Timed
2502,0,1,2502
0:00,2@12:00,1,1,3 Phase Timed
2505,0,1,2505
0:00,2@12:00,1,1,4 Phase Timed
2507,0,1,2507
0:00,2@12:00,1,1,4 Phase Timed
2509,0,1,2509
0:00,2@12:00,1,1,3 Phase Timed
2510,0,1,2510
0:00,2@12:00,1,1,3 Phase Timed
2513,0,1,2513
0:00,2@12:00,1,1,3 Phase Timed
2514,0,1,2514
0:00,2@12:00,1,1,3 Phase Timed
2516,0,1,2516
0:00,2@12:00,1,1,4 Phase Timed
2521,0,1,2521
0:00,2@12:00,1,1,3 Phase Timed
2523,0,1,2523
0:00,2@12:00,1,1,2 Phase Timed
2527,0,1,2527
0:00,2@12:00,1,1,3 Phase Timed
2534,0,1,2534
0:00,2@12:00,1,1,4 Phase Timed
2537,0,1,2537
0:00,2@12:00,1,1,3 Phase Timed
2538,0,1,2538
0:00,2@12:00,1,1,3 Phase Timed
2539,0,1,2539
0:00,2@12:00,1,1,3 Phase Timed
2542,0,1,2542
0:00,2@12:00,1,1,3 Phase Timed
2544,0,1,2544
0:00,2@12:00,1,1,4 Phase Timed
2545,0,1,2545
0:00,2@12:00,1,1,4 Phase Timed
2547,0,1,2547
0:00,2@12:00,1,1,3 Phase Timed
2549,0,1,2549
0:00,2@12:00,1,1,3 Phase Timed
2553,0,1,2553
0:00,2@12:00,1,1,3 Phase Timed
2555,0,1,2555
0:00,2@12:00,1,1,3 Phase Timed
2556,0,1,2556
0:00,2@12:00,1,1,3 Phase Timed
2558,0,1,2558
0:00,2@12:00,1,1,4 Phase Timed
2560,0,1,2560
0:00,2@12:00,1,1,3 Phase Timed
2561,0,1,2561
0:00,2@12:00,1,1,3 Phase Timed
2562,0,1,2562
0:00,2@12:00,1,1,3 Phase Timed
2565,0,1,2565
0:00,2@12:00,1,1,2 Phase Timed
2568,0,1,2568
0:00,2@12:00,1,1,3 Phase Timed
2586,0,1,2586
0:00,2@12:00,1,1,2 Phase Timed
2591,0,1,2591
0:00,2@12:00,1,1,2 Phase Timed
2592,0,1,2592
0:00,2@12:00,1,1,3 Phase Timed
2598,0,1,2598
0:00,2@12:00,1,1,2 Phase Timed
2601,0,1,2601
0:00,2@12:00,1,1,4 Phase Timed
2615,0,1,2615
0:00,2@12:00,1,1,3 Phase Timed
2622,0,1,2622
0:00,2@12:00,1,1,2 Phase Timed
2627,0,1,2627
0:00,2@12:00,1,1,3 Phase Timed
2632,0,1,2632
0:00,2@12:00,1,1,2 Phase Timed
2642,0,1,2642
0:00,2@12:00,1,1,3 Phase Timed
2645,0,1,2645
0:00,2@12:00,1,1,3 Phase Timed
2649,0,1,2649
0:00,2@12:00,1,1,3 Phase Timed
2650,0,1,2650
0:00,2@12:00,1,1,4 Phase Timed
2653,0,1,2653
0:00,2@12:00,1,1,3 Phase Timed
2655,0,1,2655
0:00,2@12:00,1,1,3 Phase Timed
2657,0,1,2657
0:00,2@12:00,1,1,4 Phase Timed
2660,0,1,2660
0:00,2@12:00,1,1,2 Phase Timed
2662,0,1,2662
0:00,2@12:00,1,1,2 Phase Timed
2664,0,1,2664
0:00,2@12:00,1,1,2 Phase Timed
2671,0,1,2671
0:00,2@12:00,1,1,2 Phase Timed
2675,0,1,2675
0:00,2@12:00,1,1,3 Phase Timed
2679,0,1,2679
0:00,2@12:00,1,1,3 Phase Timed
2682,0,1,2682
0:00,2@12:00,1,1,2 Phase Timed
2686,0,1,2686
0:00,2@12:00,1,1,4 Phase Timed
2688,0,1,2688
0:00,2@12:00,1,1,2 Phase Timed
2690,0,1,2690
0:00,2@12:00,1,1,2 Phase Timed
2693,0,1,2693
0:00,2@12:00,1,1,3 Phase Timed
2694,0,1,2694
0:00,2@12:00,1,1,2 Phase Timed
2695,0,1,2695
0:00,2@12:00,1,1,2 Phase Timed
2696,0,1,2696
0:00,2@12:00,1,1,2 Phase Timed
2699,0,1,2699
0:00,2@12:00,1,1,2 Phase Timed
2700,0,1,2700
0:00,2@12:00,1,1,2 Phase Timed
2702,0,1,2702
0:00,2@12:00,1,1,2 Phase Timed
2703,0,1,2703
0:00,2@12:00,1,1,2 Phase Timed
2705,0,1,2705
0:00,2@12:00,1,1,3 Phase Timed
2706,0,1,2706
0:00,2@12:00,1,1,3 Phase Timed
2709,0,1,2709
0:00,2@12:00,1,1,3 Phase Timed
2711,0,1,2711
0:00,2@12:00,1,1,2 Phase Timed
2712,0,1,2712
0:00,2@12:00,1,1,4 Phase Timed
2714,0,1,2714
0:00,2@12:00,1,1,2 Phase Timed
2722,0,1,2722
0:00,2@12:00,1,1,2 Phase Timed
2723,0,1,2723
0:00,2@12:00,1,1,2 Phase Timed
2724,0,1,2724
0:00,2@12:00,1,1,2 Phase Timed
2728,0,1,2728
0:00,2@12:00,1,1,2 Phase Timed
2730,0,1,2730
0:00,2@12:00,1,1,2 Phase Timed
2731,0,1,2731
0:00,2@12:00,1,1,2 Phase Timed
2735,0,1,2735
0:00,2@12:00,1,1,2 Phase Timed
2736,0,1,2736
0:00,2@12:00,1,1,4 Phase Timed
2737,0,1,2737
0:00,2@12:00,1,1,3 Phase Timed
2738,0,1,2738
0:00,2@12:00,1,1,4 Phase Timed
2739,0,1,2739
0:00,2@12:00,1,1,2 Phase Timed
2742,0,1,2742
0:00,2@12:00,1,1,2 Phase Timed
2743,0,1,2743
0:00,2@12:00,1,1,3 Phase Timed
2744,0,1,2744
0:00,2@12:00,1,1,3 Phase Timed
2746,0,1,2746
0:00,2@12:00,1,1,2 Phase Timed
2747,0,1,2747
0:00,2@12:00,1,1,2 Phase Timed
2749,0,1,2749
0:00,2@12:00,1,1,2 Phase Timed
2750,0,1,2750
0:00,2@12:00,1,1,3 Phase Timed
2751,0,1,2751
0:00,2@12:00,1,1,3 Phase Timed
2753,0,1,2753
0:00,2@12:00,1,1,2 Phase Timed
2754,0,1,2754
0:00,2@12:00,1,1,4 Phase Timed
2755,0,1,2755
0:00,2@12:00,1,1,3 Phase Timed
2756,0,1,2756
0:00,2@12:00,1,1,3 Phase Timed
2760,0,1,2760
0:00,2@12:00,1,1,2 Phase Timed
2761,0,1,2761
0:00,2@12:00,1,1,4 Phase Timed
2764,0,1,2764
0:00,2@12:00,1,1,4 Phase Timed
2767,0,1,2767
0:00,2@12:00,1,1,4 Phase Timed
2768,0,1,2768
0:00,2@12:00,1,1,4 Phase Timed
2769,0,1,2769
0:00,2@12:00,1,1,3 Phase Timed
2773,0,1,2773
0:00,2@12:00,1,1,2 Phase Timed
2775,0,1,2775
0:00,2@12:00,1,1,2 Phase Timed
2776,0,1,2776
0:00,2@12:00,1,1,2 Phase Timed
2777,0,1,2777
0:00,2@12:00,1,1,3 Phase Timed
2778,0,1,2778
0:00,2@12:00,1,1,2 Phase Timed
2781,0,1,2781
0:00,2@12:00,1,1,2 Phase Timed
2782,0,1,2782
0:00,2@12:00,1,1,2 Phase Timed
2787,0,1,2787
0:00,2@12:00,1,1,4 Phase Timed
2789,0,1,2789
0:00,2@12:00,1,1,2 Phase Timed
2798,0,1,2798
0:00,2@12:00,1,1,4 Phase Timed
2800,0,1,2800
0:00,2@12:00,1,1,3 Phase Timed
2801,0,1,2801
0:00,2@12:00,1,1,3 Phase Timed
2802,0,1,2802
0:00,2@12:00,1,1,3 Phase Timed
2803,0,1,2803
0:00,2@12:00,1,1,2 Phase Timed
2807,0,1,2807
0:00,2@12:00,1,1,2 Phase Timed
2814,0,1,2814
0:00,2@12:00,1,1,2 Phase Timed
2818,0,1,2818
0:00,2@12:00,1,1,3 Phase Timed
2824,0,1,2824
0:00,2@12:00,1,1,2 Phase Timed
2829,0,1,2829
0:00,2@12:00,1,1,4 Phase Timed
2832,0,1,2832
0:00,2@12:00,1,1,3 Phase Timed
2833,0,1,2833
0:00,2@12:00,1,1,3 Phase Timed
2834,0,1,2834
0:00,2@12:00,1,1,4 Phase Timed
2835,0,1,2835
0:00,2@12:00,1,1,2 Phase Timed
2836,0,1,2836
0:00,2@12:00,1,1,4 Phase Timed
2838,0,1,2838
0:00,2@12:00,1,1,3 Phase Timed
2840,0,1,2840
0:00,2@12:00,1,1,2 Phase Timed
2845,0,1,2845
0:00,2@12:00,1,1,3 Phase Timed
2846,0,1,2846
0:00,2@12:00,1,1,3 Phase Timed
2848,0,1,2848
0:00,2@12:00,1,1,2 Phase Timed
2850,0,1,2850
0:00,2@12:00,1,1,2 Phase Timed
2851,0,1,2851
0:00,2@12:00,1,1,3 Phase Timed
2852,0,1,2852
0:00,2@12:00,1,1,3 Phase Timed
2855,0,1,2855
0:00,2@12:00,1,1,2 Phase Timed
2856,0,1,2856
0:00,2@12:00,1,1,3 Phase Timed
2857,0,1,2857
0:00,2@12:00,1,1,3 Phase Timed
2858,0,1,2858
0:00,2@12:00,1,1,3 Phase Timed
2859,0,1,2859
0:00,2@12:00,1,1,3 Phase Timed
2860,0,1,2860
0:00,2@12:00,1,1,2 Phase Timed
2861,0,1,2861
0:00,2@12:00,1,1,2 Phase Timed
2862,0,1,2862
0:00,2@12:00,1,1,2 Phase Timed
2866,0,1,2866
0:00,2@12:00,1,1,3 Phase Timed
2867,0,1,2867
0:00,2@12:00,1,1,2 Phase Timed
2871,0,1,2871
0:00,2@12:00,1,1,3 Phase Timed
2873,0,1,2873
0:00,2@12:00,1,1,2 Phase Timed
2874,0,1,2874
0:00,2@12:00,1,1,3 Phase Timed
2875,0,1,2875
0:00,2@12:00,1,1,2 Phase Timed
2885,0,1,2885
0:00,2@12:00,1,1,3 Phase Timed
2892,0,1,2892
0:00,2@12:00,1,1,3 Phase Timed
2894,0,1,2894
0:00,2@12:00,1,1,2 Phase Timed
2895,0,1,2895
0:00,2@12:00,1,1,2 Phase Timed
2896,0,1,2896
0:00,2@12:00,1,1,2 Phase Timed
2899,0,1,2899
0:00,2@12:00,1,1,2 Phase Timed
2919,0,1,2919
0:00,2@12:00,1,1,3 Phase Timed
2922,0,1,2922
0:00,2@12:00,1,1,3 Phase Timed
2923,0,1,2923
0:00,2@12:00,1,1,2 Phase Timed
2925,0,1,2925
0:00,2@12:00,1,1,3 Phase Timed
2926,0,1,2926
0:00,2@12:00,1,1,3 Phase Timed
2928,0,1,2928
0:00,2@12:00,1,1,2 Phase Timed
2932,0,1,2932
0:00,2@12:00,1,1,3 Phase Timed
2934,0,1,2934
0:00,2@12:00,1,1,3 Phase Timed
2935,0,1,2935
0:00,2@12:00,1,1,4 Phase Timed
2944,0,1,2944
0:00,2@12:00,1,1,3 Phase Timed
2946,0,1,2946
0:00,2@12:00,1,1,2 Phase Timed
2952,0,1,2952
0:00,2@12:00,1,1,2 Phase Timed
2957,0,1,2957
0:00,2@12:00,1,1,4 Phase Timed
2961,0,1,2961
0:00,2@12:00,1,1,2 Phase Timed
2962,0,1,2962
0:00,2@12:00,1,1,3 Phase Timed
2963,0,1,2963
0:00,2@12:00,1,1,2 Phase Timed
2970,0,1,2970
0:00,2@12:00,1,1,2 Phase Timed
2971,0,1,2971
0:00,2@12:00,1,1,2 Phase Timed
2972,0,1,2972
0:00,2@12:00,1,1,2 Phase Timed
2973,0,1,2973
0:00,2@12:00,1,1,3 Phase Timed
2974,0,1,2974
0:00,2@12:00,1,1,3 Phase Timed
2975,0,1,2975
0:00,2@12:00,1,1,2 Phase Timed
2978,0,1,2978
0:00,2@12:00,1,1,2 Phase Timed
2979,0,1,2979
0:00,2@12:00,1,1,3 Phase Timed
2983,0,1,2983
0:00,2@12:00,1,1,3 Phase Timed
2984,0,1,2984
0:00,2@12:00,1,1,4 Phase Timed
2992,0,1,2992
0:00,2@12:00,1,1,3 Phase Timed
2996,0,1,2996
0:00,2@12:00,1,1,2 Phase Timed
2997,0,1,2997
0:00,2@12:00,1,1,2 Phase Timed
2999,0,1,2999
0:00,2@12:00,1,1,2 Phase Timed
3002,0,1,3002
0:00,2@12:00,1,1,3 Phase Timed
3003,0,1,3003
0:00,2@12:00,1,1,3 Phase Timed
3006,0,1,3006
0:00,2@12:00,1,1,3 Phase Timed
3007,0,1,3007
0:00,2@12:00,1,1,3 Phase Timed
3008,0,1,3008
0:00,2@12:00,1,1,3 Phase Timed
3010,0,1,3010
0:00,2@12:00,1,1,3 Phase Timed
3016,0,1,3016
0:00,2@12:00,1,1,3 Phase Timed
3017,0,1,3017
0:00,2@12:00,1,1,3 Phase Timed
3018,0,1,3018
0:00,2@12:00,1,1,2 Phase Timed
3024,0,1,3024
0:00,2@12:00,1,1,3 Phase Timed
3025,0,1,3025
0:00,2@12:00,1,1,4 Phase Timed
3027,0,1,3027
0:00,2@12:00,1,1,4 Phase Timed
3032,0,1,3032
0:00,2@12:00,1,1,3 Phase Timed
3033,0,1,3033
0:00,2@12:00,1,1,2 Phase Timed
3034,0,1,3034
0:00,2@12:00,1,1,2 Phase Timed
3041,0,1,3041
0:00,2@12:00,1,1,2 Phase Timed
3042,0,1,3042
0:00,2@12:00,1,1,2 Phase Timed
3044,0,1,3044
0:00,2@12:00,1,1,2 Phase Timed
3049,0,1,3049
0:00,2@12:00,1,1,3 Phase Timed
3054,0,1,3054
0:00,2@12:00,1,1,2 Phase Timed
3055,0,1,3055
0:00,2@12:00,1,1,3 Phase Timed
3057,0,1,3057
0:00,2@12:00,1,1,3 Phase Timed
3063,0,1,3063
0:00,2@12:00,1,1,2 Phase Timed
3065,0,1,3065
0:00,2@12:00,1,1,2 Phase Timed
3069,0,1,3069
0:00,2@12:00,1,1,4 Phase Timed
3070,0,1,3070
0:00,2@12:00,1,1,3 Phase Timed
3073,0,1,3073
0:00,2@12:00,1,1,3 Phase Timed
3074,0,1,3074
0:00,2@12:00,1,1,3 Phase Timed
3075,0,1,3075
0:00,2@12:00,1,1,3 Phase Timed
3080,0,1,3080
0:00,2@12:00,1,1,2 Phase Timed
3083,0,1,3083
0:00,2@12:00,1,1,3 Phase Timed
3084,0,1,3084
0:00,2@12:00,1,1,2 Phase Timed
3087,0,1,3087
0:00,2@12:00,1,1,2 Phase Timed
3088,0,1,3088
0:00,2@12:00,1,1,3 Phase Timed
3090,0,1,3090
0:00,2@12:00,1,1,2 Phase Timed
3098,0,1,3098
0:00,2@12:00,1,1,3 Phase Timed
3106,0,1,3106
0:00,2@12:00,1,1,3 Phase Timed
3107,0,1,3107
0:00,2@12:00,1,1,3 Phase Timed
3108,0,1,3108
0:00,2@12:00,1,1,2 Phase Timed
3109,0,1,3109
0:00,2@12:00,1,1,2 Phase Timed
3110,0,1,3110
0:00,2@12:00,1,1,3 Phase Timed
3112,0,1,3112
0:00,2@12:00,1,1,3 Phase Timed
3113,0,1,3113
0:00,2@12:00,1,1,3 Phase Timed
3118,0,1,3118
0:00,2@12:00,1,1,2 Phase Timed
3119,0,1,3119
0:00,2@12:00,1,1,2 Phase Timed
3120,0,1,3120
0:00,2@12:00,1,1,2 Phase Timed
3121,0,1,3121
0:00,2@12:00,1,1,2 Phase Timed
3122,0,1,3122
0:00,2@12:00,1,1,2 Phase Timed
3123,0,1,3123
0:00,2@12:00,1,1,2 Phase Timed
3124,0,1,3124
0:00,2@12:00,1,1,2 Phase Timed
3125,0,1,3125
0:00,2@12:00,1,1,3 Phase Timed
3127,0,1,3127
0:00,2@12:00,1,1,3 Phase Timed
3128,0,1,3128
0:00,2@12:00,1,1,3 Phase Timed
3129,0,1,3129
0:00,2@12:00,1,1,3 Phase Timed
3130,0,1,3130
0:00,2@12:00,1,1,3 Phase Timed
3131,0,1,3131
0:00,2@12:00,1,1,3 Phase Timed
3132,0,1,3132
0:00,2@12:00,1,1,2 Phase Timed
3133,0,1,3133
0:00,2@12:00,1,1,4 Phase Timed
3134,0,1,3134
0:00,2@12:00,1,1,2 Phase Timed
3135,0,1,3135
0:00,2@12:00,1,1,2 Phase Timed
3136,0,1,3136
0:00,2@12:00,1,1,2 Phase Timed
3137,0,1,3137
0:00,2@12:00,1,1,2 Phase Timed
3138,0,1,3138
0:00,2@12:00,1,1,3 Phase Timed
3139,0,1,3139
0:00,2@12:00,1,1,2 Phase Timed
3141,0,1,3141
0:00,2@12:00,1,1,2 Phase Timed
3142,0,1,3142
0:00,2@12:00,1,1,3 Phase Timed
3145,0,1,3145
0:00,2@12:00,1,1,3 Phase Timed
3146,0,1,3146
0:00,2@12:00,1,1,2 Phase Timed
3149,0,1,3149
0:00,2@12:00,1,1,2 Phase Timed
3155,0,1,3155
0:00,2@12:00,1,1,3 Phase Timed
3158,0,1,3158
0:00,2@12:00,1,1,2 Phase Timed
3159,0,1,3159
0:00,2@12:00,1,1,2 Phase Timed
3160,0,1,3160
0:00,2@12:00,1,1,2 Phase Timed
3161,0,1,3161
0:00,2@12:00,1,1,2 Phase Timed
3162,0,1,3162
0:00,2@12:00,1,1,2 Phase Timed
3163,0,1,3163
0:00,2@12:00,1,1,3 Phase Timed
3164,0,1,3164
0:00,2@12:00,1,1,2 Phase Timed
3168,0,1,3168
0:00,2@12:00,1,1,2 Phase Timed
3169,0,1,3169
0:00,2@12:00,1,1,2 Phase Timed
3170,0,1,3170
0:00,2@12:00,1,1,2 Phase Timed
3171,0,1,3171
0:00,2@12:00,1,1,2 Phase Timed
3172,0,1,3172
0:00,2@12:00,1,1,2 Phase Timed
3174,0,1,3174
0:00,2@12:00,1,1,2 Phase Timed
3176,0,1,3176
0:00,2@12:00,1,1,2 Phase Timed
3179,0,1,3179
0:00,2@12:00,1,1,2 Phase Timed
3180,0,1,3180
0:00,2@12:00,1,1,2 Phase Timed
3183,0,1,3183
0:00,2@12:00,1,1,2 Phase Timed
3184,0,1,3184
0:00,2@12:00,1,1,2 Phase Timed
3189,0,1,3189
0:00,2@12:00,1,1,3 Phase Timed
3190,0,1,3190
0:00,2@12:00,1,1,3 Phase Timed
3199,0,1,3199
0:00,2@12:00,1,1,3 Phase Timed
3200,0,1,3200
0:00,2@12:00,1,1,3 Phase Timed
3201,0,1,3201
0:00,2@12:00,1,1,3 Phase Timed
3204,0,1,3204
0:00,2@12:00,1,1,3 Phase Timed
3216,0,1,3216
0:00,2@12:00,1,1,3 Phase Timed
3217,0,1,3217
0:00,2@12:00,1,1,3 Phase Timed
3218,0,1,3218
0:00,2@12:00,1,1,3 Phase Timed
3229,0,1,3229
0:00,2@12:00,1,1,2 Phase Timed
3231,0,1,3231
0:00,2@12:00,1,1,2 Phase Timed
3236,0,1,3236
0:00,2@12:00,1,1,2 Phase Timed
3238,0,1,3238
0:00,2@12:00,1,1,2 Phase Timed
3241,0,1,3241
0:00,2@12:00,1,1,2 Phase Timed
3242,0,1,3242
0:00,2@12:00,1,1,2 Phase Timed
3244,0,1,3244
0:00,2@12:00,1,1,2 Phase Timed
3245,0,1,3245
0:00,2@12:00,1,1,3 Phase Timed
3247,0,1,3247
0:00,2@12:00,1,1,2 Phase Timed
3248,0,1,3248
0:00,2@12:00,1,1,2 Phase Timed
3249,0,1,3249
0:00,2@12:00,1,1,2 Phase Timed
3252,0,1,3252
0:00,2@12:00,1,1,2 Phase Timed
3260,0,1,3260
0:00,2@12:00,1,1,2 Phase Timed
3267,0,1,3267
0:00,2@12:00,1,1,3 Phase Timed
3272,0,1,3272
0:00,2@12:00,1,1,3 Phase Timed
3273,0,1,3273
0:00,2@12:00,1,1,3 Phase Timed
3279,0,1,3279
0:00,2@12:00,1,1,4 Phase Timed
3286,0,1,3286
0:00,2@12:00,1,1,3 Phase Timed
3289,0,1,3289
0:00,2@12:00,1,1,2 Phase Timed
3291,0,1,3291
0:00,2@12:00,1,1,2 Phase Timed
3293,0,1,3293
0:00,2@12:00,1,1,2 Phase Timed
3295,0,1,3295
0:00,2@12:00,1,1,3 Phase Timed
3298,0,1,3298
0:00,2@12:00,1,1,3 Phase Timed
3299,0,1,3299
0:00,2@12:00,1,1,2 Phase Timed
3309,0,1,3309
0:00,2@12:00,1,1,2 Phase Timed
3312,0,1,3312
0:00,2@12:00,1,1,6 Phase Timed
3313,0,1,3313
0:00,2@12:00,1,1,2 Phase Timed
3317,0,1,3317
0:00,2@12:00,1,1,3 Phase Timed
3318,0,1,3318
0:00,2@12:00,1,1,2 Phase Timed
3320,0,1,3320
0:00,2@12:00,1,1,2 Phase Timed
3322,0,1,3322
0:00,2@12:00,1,1,2 Phase Timed
3323,0,1,3323
0:00,2@12:00,1,1,4 Phase Timed
3325,0,1,3325
0:00,2@12:00,1,1,3 Phase Timed
3326,0,1,3326
0:00,2@12:00,1,1,3 Phase Timed
3347,0,1,3347
0:00,2@12:00,1,1,2 Phase Timed
3353,0,1,3353
0:00,2@12:00,1,1,2 Phase Timed
3356,0,1,3356
0:00,2@12:00,1,1,3 Phase Timed
3361,0,1,3361
0:00,2@12:00,1,1,3 Phase Timed
3363,0,1,3363
0:00,2@12:00,1,1,2 Phase Timed
3364,0,1,3364
0:00,2@12:00,1,1,3 Phase Timed
3367,0,1,3367
0:00,2@12:00,1,1,3 Phase Timed
3370,0,1,3370
0:00,2@12:00,1,1,2 Phase Timed
3371,0,1,3371
0:00,2@12:00,1,1,3 Phase Timed
3376,0,1,3376
0:00,2@12:00,1,1,2 Phase Timed
3378,0,1,3378
0:00,2@12:00,1,1,3 Phase Timed
3381,0,1,3381
0:00,2@12:00,1,1,3 Phase Timed
3384,0,1,3384
0:00,2@12:00,1,1,3 Phase Timed
3385,0,1,3385
0:00,2@12:00,1,1,3 Phase Timed
3387,0,1,3387
0:00,2@12:00,1,1,2 Phase Timed
3388,0,1,3388
0:00,2@12:00,1,1,2 Phase Timed
3389,0,1,3389
0:00,2@12:00,1,1,3 Phase Timed
3393,0,1,3393
0:00,2@12:00,1,1,2 Phase Timed
3395,0,1,3395
0:00,2@12:00,1,1,3 Phase Timed
3400,0,1,3400
0:00,2@12:00,1,1,3 Phase Timed
3404,0,1,3404
0:00,2@12:00,1,1,2 Phase Timed
3406,0,1,3406
0:00,2@12:00,1,1,3 Phase Timed
3409,0,1,3409
0:00,2@12:00,1,1,3 Phase Timed
3410,0,1,3410
0:00,2@12:00,1,1,3 Phase Timed
3413,0,1,3413
0:00,2@12:00,1,1,2 Phase Timed
3415,0,1,3415
0:00,2@12:00,1,1,2 Phase Timed
3416,0,1,3416
0:00,2@12:00,1,1,2 Phase Timed
3418,0,1,3418
0:00,2@12:00,1,1,2 Phase Timed
3420,0,1,3420
0:00,2@12:00,1,1,2 Phase Timed
3421,0,1,3421
0:00,2@12:00,1,1,2 Phase Timed
3423,0,1,3423
0:00,2@12:00,1,1,3 Phase Timed
3431,0,1,3431
0:00,2@12:00,1,1,3 Phase Timed
3433,0,1,3433
0:00,2@12:00,1,1,3 Phase Timed
3434,0,1,3434
0:00,2@12:00,1,1,3 Phase Timed
3435,0,1,3435
0:00,2@12:00,1,1,3 Phase Timed
3436,0,1,3436
0:00,2@12:00,1,1,2 Phase Timed
3438,0,1,3438
0:00,2@12:00,1,1,2 Phase Timed
3439,0,1,3439
0:00,2@12:00,1,1,2 Phase Timed
3441,0,1,3441
0:00,2@12:00,1,1,2 Phase Timed
3443,0,1,3443
0:00,2@12:00,1,1,3 Phase Timed
3444,0,1,3444
0:00,2@12:00,1,1,2 Phase Timed
3445,0,1,3445
0:00,2@12:00,1,1,3 Phase Timed
3450,0,1,3450
0:00,2@12:00,1,1,2 Phase Timed
3451,0,1,3451
0:00,2@12:00,1,1,3 Phase Timed
3453,0,1,3453
0:00,2@12:00,1,1,2 Phase Timed
3454,0,1,3454
0:00,2@12:00,1,1,3 Phase Timed
3458,0,1,3458
0:00,2@12:00,1,1,2 Phase Timed
3459,0,1,3459
0:00,2@12:00,1,1,2 Phase Timed
3460,0,1,3460
0:00,2@12:00,1,1,2 Phase Timed
3461,0,1,3461
0:00,2@12:00,1,1,2 Phase Timed
3462,0,1,3462
0:00,2@12:00,1,1,2 Phase Timed
3463,0,1,3463
0:00,2@12:00,1,1,2 Phase Timed
3464,0,1,3464
0:00,2@12:00,1,1,3 Phase Timed
3466,0,1,3466
0:00,2@12:00,1,1,2 Phase Timed
3467,0,1,3467
0:00,2@12:00,1,1,3 Phase Timed
3468,0,1,3468
0:00,2@12:00,1,1,2 Phase Timed
3474,0,1,3474
0:00,2@12:00,1,1,2 Phase Timed
3479,0,1,3479
0:00,2@12:00,1,1,2 Phase Timed
3480,0,1,3480
0:00,2@12:00,1,1,3 Phase Timed
3482,0,1,3482
0:00,2@12:00,1,1,3 Phase Timed
3485,0,1,3485
0:00,2@12:00,1,1,3 Phase Timed
3489,0,1,3489
0:00,2@12:00,1,1,3 Phase Timed
3493,0,1,3493
0:00,2@12:00,1,1,3 Phase Timed
3494,0,1,3494
0:00,2@12:00,1,1,2 Phase Timed
3496,0,1,3496
0:00,2@12:00,1,1,4 Phase Timed
3497,0,1,3497
0:00,2@12:00,1,1,2 Phase Timed
3498,0,1,3498
0:00,2@12:00,1,1,3 Phase Timed
3499,0,1,3499
0:00,2@12:00,1,1,3 Phase Timed
3501,0,1,3501
0:00,2@12:00,1,1,3 Phase Timed
3502,0,1,3502
0:00,2@12:00,1,1,3 Phase Timed
3506,0,1,3506
0:00,2@12:00,1,1,4 Phase Timed
3508,0,1,3508
0:00,2@12:00,1,1,3 Phase Timed
3519,0,1,3519
0:00,2@12:00,1,1,3 Phase Timed
3523,0,1,3523
0:00,2@12:00,1,1,3 Phase Timed
3525,0,1,3525
0:00,2@12:00,1,1,4 Phase Timed
3529,0,1,3529
0:00,2@12:00,1,1,2 Phase Timed
3532,0,1,3532
0:00,2@12:00,1,1,4 Phase Timed
3534,0,1,3534
0:00,2@12:00,1,1,3 Phase Timed
3539,0,1,3539
0:00,2@12:00,1,1,2 Phase Timed
3542,0,1,3542
0:00,2@12:00,1,1,3 Phase Timed
3546,0,1,3546
0:00,2@12:00,1,1,3 Phase Timed
3548,0,1,3548
0:00,2@12:00,1,1,3 Phase Timed
3554,0,1,3554
0:00,2@12:00,1,1,3 Phase Timed
3555,0,1,3555
0:00,2@12:00,1,1,3 Phase Timed
3556,0,1,3556
0:00,2@12:00,1,1,3 Phase Timed
3557,0,1,3557
0:00,2@12:00,1,1,3 Phase Timed
3560,0,1,3560
0:00,2@12:00,1,1,3 Phase Timed
3562,0,1,3562
0:00,2@12:00,1,1,3 Phase Timed
3565,0,1,3565
0:00,2@12:00,1,1,4 Phase Timed
3566,0,1,3566
0:00,2@12:00,1,1,3 Phase Timed
3567,0,1,3567
0:00,2@12:00,1,1,4 Phase Timed
3568,0,1,3568
0:00,2@12:00,1,1,2 Phase Timed
3572,0,1,3572
0:00,2@12:00,1,1,3 Phase Timed
3575,0,1,3575
0:00,2@12:00,1,1,4 Phase Timed
3576,0,1,3576
0:00,2@12:00,1,1,3 Phase Timed
3578,0,1,3578
0:00,2@12:00,1,1,3 Phase Timed
3580,0,1,3580
0:00,2@12:00,1,1,2 Phase Timed
3581,0,1,3581
0:00,2@12:00,1,1,2 Phase Timed
3583,0,1,3583
0:00,2@12:00,1,1,3 Phase Timed
3586,0,1,3586
0:00,2@12:00,1,1,3 Phase Timed
3587,0,1,3587
0:00,2@12:00,1,1,4 Phase Timed
3588,0,1,3588
0:00,2@12:00,1,1,2 Phase Timed
3595,0,1,3595
0:00,2@12:00,1,1,3 Phase Timed
3598,0,1,3598
0:00,2@12:00,1,1,2 Phase Timed
3601,0,1,3601
0:00,2@12:00,1,1,3 Phase Timed
3606,0,1,3606
0:00,2@12:00,1,1,2 Phase Timed
3609,0,1,3609
0:00,2@12:00,1,1,2 Phase Timed
3630,0,1,3630
0:00,2@12:00,1,1,3 Phase Timed
3631,0,1,3631
0:00,2@12:00,1,1,3 Phase Timed
3634,0,1,3634
0:00,2@12:00,1,1,2 Phase Timed
3637,0,1,3637
0:00,2@12:00,1,1,2 Phase Timed
3641,0,1,3641
0:00,2@12:00,1,1,4 Phase Timed
3642,0,1,3642
0:00,2@12:00,1,1,4 Phase Timed
3646,0,1,3646
0:00,2@12:00,1,1,3 Phase Timed
3647,0,1,3647
0:00,2@12:00,1,1,2 Phase Timed
3654,0,1,3654
0:00,2@12:00,1,1,3 Phase Timed
3655,0,1,3655
0:00,2@12:00,1,1,3 Phase Timed
3657,0,1,3657
0:00,2@12:00,1,1,3 Phase Timed
3663,0,1,3663
0:00,2@12:00,1,1,2 Phase Timed
3665,0,1,3665
0:00,2@12:00,1,1,3 Phase Timed
3671,0,1,3671
0:00,2@12:00,1,1,2 Phase Timed
3672,0,1,3672
0:00,2@12:00,1,1,2 Phase Timed
3673,0,1,3673
0:00,2@12:00,1,1,2 Phase Timed
3674,0,1,3674
0:00,2@12:00,1,1,2 Phase Timed
3675,0,1,3675
0:00,2@12:00,1,1,3 Phase Timed
3682,0,1,3682
0:00,2@12:00,1,1,2 Phase Timed
3683,0,1,3683
0:00,2@12:00,1,1,3 Phase Timed
3684,0,1,3684
0:00,2@12:00,1,1,2 Phase Timed
3685,0,1,3685
0:00,2@12:00,1,1,3 Phase Timed
3693,0,1,3693
0:00,2@12:00,1,1,4 Phase Timed
3699,0,1,3699
0:00,2@12:00,1,1,3 Phase Timed
3700,0,1,3700
0:00,2@12:00,1,1,3 Phase Timed
3702,0,1,3702
0:00,2@12:00,1,1,3 Phase Timed
3703,0,1,3703
0:00,2@12:00,1,1,2 Phase Timed
3704,0,1,3704
0:00,2@12:00,1,1,2 Phase Timed
3705,0,1,3705
0:00,2@12:00,1,1,2 Phase Timed
3712,0,1,3712
0:00,2@12:00,1,1,3 Phase Timed
3719,0,1,3719
0:00,2@12:00,1,1,2 Phase Timed
3723,0,1,3723
0:00,2@12:00,1,1,3 Phase Timed
3728,0,1,3728
0:00,2@12:00,1,1,3 Phase Timed
3732,0,1,3732
0:00,2@12:00,1,1,3 Phase Timed
3741,0,1,3741
0:00,2@12:00,1,1,3 Phase Timed
3744,0,1,3744
0:00,2@12:00,1,1,2 Phase Timed
3748,0,1,3748
0:00,2@12:00,1,1,3 Phase Timed
3749,0,1,3749
0:00,2@12:00,1,1,3 Phase Timed
3750,0,1,3750
0:00,2@12:00,1,1,3 Phase Timed
3752,0,1,3752
0:00,2@12:00,1,1,4 Phase Timed
3753,0,1,3753
0:00,2@12:00,1,1,3 Phase Timed
3755,0,1,3755
0:00,2@12:00,1,1,4 Phase Timed
3756,0,1,3756
0:00,2@12:00,1,1,3 Phase Timed
3758,0,1,3758
0:00,2@12:00,1,1,4 Phase Timed
3759,0,1,3759
0:00,2@12:00,1,1,3 Phase Timed
3761,0,1,3761
0:00,2@12:00,1,1,3 Phase Timed
3762,0,1,3762
0:00,2@12:00,1,1,3 Phase Timed
3766,0,1,3766
0:00,2@12:00,1,1,2 Phase Timed
3768,0,1,3768
0:00,2@12:00,1,1,2 Phase Timed
3769,0,1,3769
0:00,2@12:00,1,1,3 Phase Timed
3771,0,1,3771
0:00,2@12:00,1,1,3 Phase Timed
3772,0,1,3772
0:00,2@12:00,1,1,2 Phase Timed
3777,0,1,3777
0:00,2@12:00,1,1,2 Phase Timed
3779,0,1,3779
0:00,2@12:00,1,1,3 Phase Timed
3783,0,1,3783
0:00,2@12:00,1,1,3 Phase Timed
3785,0,1,3785
0:00,2@12:00,1,1,3 Phase Timed
3787,0,1,3787
0:00,2@12:00,1,1,2 Phase Timed
3788,0,1,3788
0:00,2@12:00,1,1,2 Phase Timed
3789,0,1,3789
0:00,2@12:00,1,1,2 Phase Timed
3790,0,1,3790
0:00,2@12:00,1,1,2 Phase Timed
3791,0,1,3791
0:00,2@12:00,1,1,3 Phase Timed
3793,0,1,3793
0:00,2@12:00,1,1,3 Phase Timed
3796,0,1,3796
0:00,2@12:00,1,1,3 Phase Timed
3797,0,1,3797
0:00,2@12:00,1,1,3 Phase Timed
3799,0,1,3799
0:00,2@12:00,1,1,3 Phase Timed
3803,0,1,3803
0:00,2@12:00,1,1,2 Phase Timed
3809,0,1,3809
0:00,2@12:00,1,1,2 Phase Timed
3811,0,1,3811
0:00,2@12:00,1,1,3 Phase Timed
3813,0,1,3813
0:00,2@12:00,1,1,3 Phase Timed
3814,0,1,3814
0:00,2@12:00,1,1,2 Phase Timed
3815,0,1,3815
0:00,2@12:00,1,1,3 Phase Timed
3816,0,1,3816
0:00,2@12:00,1,1,2 Phase Timed
3818,0,1,3818
0:00,2@12:00,1,1,2 Phase Timed
3819,0,1,3819
0:00,2@12:00,1,1,2 Phase Timed
3821,0,1,3821
0:00,2@12:00,1,1,2 Phase Timed
3822,0,1,3822
0:00,2@12:00,1,1,2 Phase Timed
3823,0,1,3823
0:00,2@12:00,1,1,3 Phase Timed
3824,0,1,3824
0:00,2@12:00,1,1,2 Phase Timed
3830,0,1,3830
0:00,2@12:00,1,1,3 Phase Timed
3844,0,1,3844
0:00,2@12:00,1,1,3 Phase Timed
3846,0,1,3846
0:00,2@12:00,1,1,3 Phase Timed
3851,0,1,3851
0:00,2@12:00,1,1,4 Phase Timed
3852,0,1,3852
0:00,2@12:00,1,1,4 Phase Timed
3857,0,1,3857
0:00,2@12:00,1,1,3 Phase Timed
3863,0,1,3863
0:00,2@12:00,1,1,2 Phase Timed
3864,0,1,3864
0:00,2@12:00,1,1,2 Phase Timed
3865,0,1,3865
0:00,2@12:00,1,1,3 Phase Timed
3874,0,1,3874
0:00,2@12:00,1,1,2 Phase Timed
3875,0,1,3875
0:00,2@12:00,1,1,3 Phase Timed
3877,0,1,3877
0:00,2@12:00,1,1,3 Phase Timed
3883,0,1,3883
0:00,2@12:00,1,1,3 Phase Timed
3884,0,1,3884
0:00,2@12:00,1,1,4 Phase Timed
3890,0,1,3890
0:00,2@12:00,1,1,2 Phase Timed
3893,0,1,3893
0:00,2@12:00,1,1,4 Phase Timed
3894,0,1,3894
0:00,2@12:00,1,1,2 Phase Timed
3897,0,1,3897
0:00,2@12:00,1,1,2 Phase Timed
3898,0,1,3898
0:00,2@12:00,1,1,3 Phase Timed
3899,0,1,3899
0:00,2@12:00,1,1,3 Phase Timed
3902,0,1,3902
0:00,2@12:00,1,1,2 Phase Timed
3903,0,1,3903
0:00,2@12:00,1,1,2 Phase Timed
3906,0,1,3906
0:00,2@12:00,1,1,2 Phase Timed
3907,0,1,3907
0:00,2@12:00,1,1,2 Phase Timed
3912,0,1,3912
0:00,2@12:00,1,1,4 Phase Timed
3922,0,1,3922
0:00,2@12:00,1,1,2 Phase Timed
3924,0,1,3924
0:00,2@12:00,1,1,3 Phase Timed
3926,0,1,3926
0:00,2@12:00,1,1,3 Phase Timed
3928,0,1,3928
0:00,2@12:00,1,1,3 Phase Timed
3929,0,1,3929
0:00,2@12:00,1,1,3 Phase Timed
3930,0,1,3930
0:00,2@12:00,1,1,2 Phase Timed
3934,0,1,3934
0:00,2@12:00,1,1,3 Phase Timed
3935,0,1,3935
0:00,2@12:00,1,1,3 Phase Timed
3939,0,1,3939
0:00,2@12:00,1,1,3 Phase Timed
3940,0,1,3940
0:00,2@12:00,1,1,3 Phase Timed
3941,0,1,3941
0:00,2@12:00,1,1,3 Phase Timed
3943,0,1,3943
0:00,2@12:00,1,1,3 Phase Timed
3944,0,1,3944
0:00,2@12:00,1,1,2 Phase Timed
3945,0,1,3945
0:00,2@12:00,1,1,3 Phase Timed
3946,0,1,3946
0:00,2@12:00,1,1,3 Phase Timed
3947,0,1,3947
0:00,2@12:00,1,1,3 Phase Timed
3950,0,1,3950
0:00,2@12:00,1,1,2 Phase Timed
3951,0,1,3951
0:00,2@12:00,1,1,2 Phase Timed
3952,0,1,3952
0:00,2@12:00,1,1,3 Phase Timed
3953,0,1,3953
0:00,2@12:00,1,1,3 Phase Timed
3957,0,1,3957
0:00,2@12:00,1,1,2 Phase Timed
3958,0,1,3958
0:00,2@12:00,1,1,3 Phase Timed
3965,0,1,3965
0:00,2@12:00,1,1,2 Phase Timed
3978,0,1,3978
0:00,2@12:00,1,1,2 Phase Timed
3981,0,1,3981
0:00,2@12:00,1,1,2 Phase Timed
3982,0,1,3982
0:00,2@12:00,1,1,3 Phase Timed
3984,0,1,3984
0:00,2@12:00,1,1,2 Phase Timed
3985,0,1,3985
0:00,2@12:00,1,1,3 Phase Timed
3995,0,1,3995
0:00,2@12:00,1,1,3 Phase Timed
4004,0,1,4004
0:00,2@12:00,1,1,2 Phase Timed
4005,0,1,4005
0:00,2@12:00,1,1,2 Phase Timed
4013,0,1,4013
0:00,2@12:00,1,1,2 Phase Timed
4015,0,1,4015
0:00,2@12:00,1,1,2 Phase Timed
4017,0,1,4017
0:00,2@12:00,1,1,3 Phase Timed
4018,0,1,4018
0:00,2@12:00,1,1,3 Phase Timed
4024,0,1,4024
0:00,2@12:00,1,1,2 Phase Timed
4029,0,1,4029
0:00,2@12:00,1,1,3 Phase Timed
4030,0,1,4030
0:00,2@12:00,1,1,3 Phase Timed
4036,0,1,4036
0:00,2@12:00,1,1,4 Phase Timed
4044,0,1,4044
0:00,2@12:00,1,1,3 Phase Timed
4046,0,1,4046
0:00,2@12:00,1,1,2 Phase Timed
4047,0,1,4047
0:00,2@12:00,1,1,2 Phase Timed
4049,0,1,4049
0:00,2@12:00,1,1,2 Phase Timed
4060,0,1,4060
0:00,2@12:00,1,1,3 Phase Timed
4129,0,1,4129
0:00,2@12:00,1,1,2 Phase Timed
4156,0,1,4156
0:00,2@12:00,1,1,4 Phase Timed
4157,0,1,4157
0:00,2@12:00,1,1,3 Phase Timed
4159,0,1,4159
0:00,2@12:00,1,1,4 Phase Timed
4163,0,1,4163
0:00,2@12:00,1,1,2 Phase Timed
4172,0,1,4172
0:00,2@12:00,1,1,2 Phase Timed
4173,0,1,4173
0:00,2@12:00,1,1,4 Phase Timed
4174,0,1,4174
0:00,2@12:00,1,1,3 Phase Timed
4175,0,1,4175
0:00,2@12:00,1,1,3 Phase Timed
4176,0,1,4176
0:00,2@12:00,1,1,3 Phase Timed
4177,0,1,4177
0:00,2@12:00,1,1,3 Phase Timed
4178,0,1,4178
0:00,2@12:00,1,1,3 Phase Timed
4181,0,1,4181
0:00,2@12:00,1,1,2 Phase Timed
4185,0,1,4185
0:00,2@12:00,1,1,2 Phase Timed
4192,0,1,4192
0:00,2@12:00,1,1,3 Phase Timed
4200,0,1,4200
0:00,2@12:00,1,1,2 Phase Timed
4201,0,1,4201
0:00,2@12:00,1,1,2 Phase Timed
4205,0,1,4205
0:00,2@12:00,1,1,3 Phase Timed
4209,0,1,4209
0:00,2@12:00,1,1,2 Phase Timed
4211,0,1,4211
0:00,2@12:00,1,1,2 Phase Timed
4213,0,1,4213
0:00,2@12:00,1,1,5 Phase Timed
4216,0,1,4216
0:00,2@12:00,1,1,3 Phase Timed
4221,0,1,4221
0:00,2@12:00,1,1,3 Phase Timed
4230,0,1,4230
0:00,2@12:00,1,1,2 Phase Timed
4238,0,1,4238
0:00,2@12:00,1,1,4 Phase Timed
4242,0,1,4242
0:00,2@12:00,1,1,4 Phase Timed
4244,0,1,4244
0:00,2@12:00,1,1,4 Phase Timed
4250,0,1,4250
0:00,2@12:00,1,1,4 Phase Timed
4254,0,1,4254
0:00,2@12:00,1,1,4 Phase Timed
4257,0,1,4257
0:00,2@12:00,1,1,2 Phase Timed
4258,0,1,4258
0:00,2@12:00,1,1,3 Phase Timed
4262,0,1,4262
0:00,2@12:00,1,1,3 Phase Timed
4263,0,1,4263
0:00,2@12:00,1,1,4 Phase Timed
4265,0,1,4265
0:00,2@12:00,1,1,4 Phase Timed
4267,0,1,4267
0:00,2@12:00,1,1,3 Phase Timed
4268,0,1,4268
0:00,2@12:00,1,1,3 Phase Timed
4281,0,1,4281
0:00,2@12:00,1,1,3 Phase Timed
4284,0,1,4284
0:00,2@12:00,1,1,3 Phase Timed
4291,0,1,4291
0:00,2@12:00,1,1,3 Phase Timed
4292,0,1,4292
0:00,2@12:00,1,1,3 Phase Timed
4294,0,1,4294
0:00,2@12:00,1,1,3 Phase Timed
4296,0,1,4296
0:00,2@12:00,1,1,2 Phase Timed
4297,0,1,4297
0:00,2@12:00,1,1,3 Phase Timed
4298,0,1,4298
0:00,2@12:00,1,1,3 Phase Timed
4301,0,1,4301
0:00,2@12:00,1,1,2 Phase Timed
4303,0,1,4303
0:00,2@12:00,1,1,3 Phase Timed
4309,0,1,4309
0:00,2@12:00,1,1,4 Phase Timed
4310,0,1,4310
0:00,2@12:00,1,1,4 Phase Timed
4312,0,1,4312
0:00,2@12:00,1,1,2 Phase Timed
4315,0,1,4315
0:00,2@12:00,1,1,4 Phase Timed
4325,0,1,4325
0:00,2@12:00,1,1,3 Phase Timed
4326,0,1,4326
0:00,2@12:00,1,1,3 Phase Timed
4334,0,1,4334
0:00,2@12:00,1,1,3 Phase Timed
4335,0,1,4335
0:00,2@12:00,1,1,3 Phase Timed
4336,0,1,4336
0:00,2@12:00,1,1,2 Phase Timed
4338,0,1,4338
0:00,2@12:00,1,1,3 Phase Timed
4340,0,1,4340
0:00,2@12:00,1,1,3 Phase Timed
4342,0,1,4342
0:00,2@12:00,1,1,2 Phase Timed
4346,0,1,4346
0:00,2@12:00,1,1,3 Phase Timed
4349,0,1,4349
0:00,2@12:00,1,1,3 Phase Timed
4350,0,1,4350
0:00,2@12:00,1,1,3 Phase Timed
4353,0,1,4353
0:00,2@12:00,1,1,3 Phase Timed
4359,0,1,4359
0:00,2@12:00,1,1,4 Phase Timed
4363,0,1,4363
0:00,2@12:00,1,1,3 Phase Timed
4364,0,1,4364
0:00,2@12:00,1,1,3 Phase Timed
4365,0,1,4365
0:00,2@12:00,1,1,3 Phase Timed
4368,0,1,4368
0:00,2@12:00,1,1,4 Phase Timed
4378,0,1,4378
0:00,2@12:00,1,1,2 Phase Timed
4379,0,1,4379
0:00,2@12:00,1,1,2 Phase Timed
4380,0,1,4380
0:00,2@12:00,1,1,2 Phase Timed
4382,0,1,4382
0:00,2@12:00,1,1,2 Phase Timed
4388,0,1,4388
0:00,2@12:00,1,1,3 Phase Timed
4393,0,1,4393
0:00,2@12:00,1,1,3 Phase Timed
4398,0,1,4398
0:00,2@12:00,1,1,3 Phase Timed
4399,0,1,4399
0:00,2@12:00,1,1,2 Phase Timed
4402,0,1,4402
0:00,2@12:00,1,1,2 Phase Timed
4403,0,1,4403
0:00,2@12:00,1,1,2 Phase Timed
4404,0,1,4404
0:00,2@12:00,1,1,3 Phase Timed
4405,0,1,4405
0:00,2@12:00,1,1,2 Phase Timed
4412,0,1,4412
0:00,2@12:00,1,1,3 Phase Timed
4416,0,1,4416
0:00,2@12:00,1,1,2 Phase Timed
4417,0,1,4417
0:00,2@12:00,1,1,3 Phase Timed
4419,0,1,4419
0:00,2@12:00,1,1,3 Phase Timed
4428,0,1,4428
0:00,2@12:00,1,1,2 Phase Timed
4429,0,1,4429
0:00,2@12:00,1,1,2 Phase Timed
4431,0,1,4431
0:00,2@12:00,1,1,2 Phase Timed
4432,0,1,4432
0:00,2@12:00,1,1,2 Phase Timed
4433,0,1,4433
0:00,2@12:00,1,1,3 Phase Timed
4445,0,1,4445
0:00,2@12:00,1,1,3 Phase Timed
4446,0,1,4446
0:00,2@12:00,1,1,3 Phase Timed
4447,0,1,4447
0:00,2@12:00,1,1,2 Phase Timed
4461,0,1,4461
0:00,2@12:00,1,1,2 Phase Timed
4462,0,1,4462
0:00,2@12:00,1,1,2 Phase Timed
4466,0,1,4466
0:00,2@12:00,1,1,3 Phase Timed
4467,0,1,4467
0:00,2@12:00,1,1,3 Phase Timed
4471,0,1,4471
0:00,2@12:00,1,1,3 Phase Timed
4477,0,1,4477
0:00,2@12:00,1,1,3 Phase Timed
4484,0,1,4484
0:00,2@12:00,1,1,2 Phase Timed
4487,0,1,4487
0:00,2@12:00,1,1,3 Phase Timed
4488,0,1,4488
0:00,2@12:00,1,1,3 Phase Timed
4490,0,1,4490
0:00,2@12:00,1,1,3 Phase Timed
4494,0,1,4494
0:00,2@12:00,1,1,3 Phase Timed
4498,0,1,4498
0:00,2@12:00,1,1,2 Phase Timed
4502,0,1,4502
0:00,2@12:00,1,1,3 Phase Timed
4512,0,1,4512
0:00,2@12:00,1,1,4 Phase Timed
4519,0,1,4519
0:00,2@12:00,1,1,3 Phase Timed
4522,0,1,4522
0:00,2@12:00,1,1,3 Phase Timed
4527,0,1,4527
0:00,2@12:00,1,1,2 Phase Timed
4562,0,1,4562
0:00,2@12:00,1,1,2 Phase Timed
4565,0,1,4565
0:00,2@12:00,1,1,2 Phase Timed
4567,0,1,4567
0:00,2@12:00,1,1,3 Phase Timed
4602,0,1,4602
0:00,2@12:00,1,1,3 Phase Timed
4603,0,1,4603
0:00,2@12:00,1,1,2 Phase Timed
4616,0,1,4616
0:00,2@12:00,1,1,2 Phase Timed
4617,0,1,4617
0:00,2@12:00,1,1,3 Phase Timed
4645,0,1,4645
0:00,2@12:00,1,1,3 Phase Timed
4646,0,1,4646
0:00,2@12:00,1,1,2 Phase Timed
4675,0,1,4675
0:00,2@12:00,1,1,3 Phase Timed
4680,0,1,4680
0:00,2@12:00,1,1,3 Phase Timed
4682,0,1,4682
0:00,2@12:00,1,1,3 Phase Timed
4685,0,1,4685
0:00,2@12:00,1,1,4 Phase Timed
4689,0,1,4689
0:00,2@12:00,1,1,3 Phase Timed
4691,0,1,4691
0:00,2@12:00,1,1,2 Phase Timed
4692,0,1,4692
0:00,2@12:00,1,1,2 Phase Timed
4693,0,1,4693
0:00,2@12:00,1,1,3 Phase Timed
4694,0,1,4694
0:00,2@12:00,1,1,3 Phase Timed
4697,0,1,4697
0:00,2@12:00,1,1,4 Phase Timed
4703,0,1,4703
0:00,2@12:00,1,1,5 Phase Timed
4704,0,1,4704
0:00,2@12:00,1,1,3 Phase Timed
4706,0,1,4706
0:00,2@12:00,1,1,2 Phase Timed
4711,0,1,4711
0:00,2@12:00,1,1,3 Phase Timed
4712,0,1,4712
0:00,2@12:00,1,1,3 Phase Timed
4714,0,1,4714
0:00,2@12:00,1,1,2 Phase Timed
4716,0,1,4716
0:00,2@12:00,1,1,2 Phase Timed
4717,0,1,4717
0:00,2@12:00,1,1,2 Phase Timed
4718,0,1,4718
0:00,2@12:00,1,1,3 Phase Timed
4720,0,1,4720
0:00,2@12:00,1,1,4 Phase Timed
4721,0,1,4721
0:00,2@12:00,1,1,3 Phase Timed
4723,0,1,4723
0:00,2@12:00,1,1,3 Phase Timed
4724,0,1,4724
0:00,2@12:00,1,1,3 Phase Timed
4726,0,1,4726
0:00,2@12:00,1,1,3 Phase Timed
4727,0,1,4727
0:00,2@12:00,1,1,3 Phase Timed
4728,0,1,4728
0:00,2@12:00,1,1,3 Phase Timed
4729,0,1,4729
0:00,2@12:00,1,1,3 Phase Timed
4730,0,1,4730
0:00,2@12:00,1,1,2 Phase Timed
4733,0,1,4733
0:00,2@12:00,1,1,2 Phase Timed
4734,0,1,4734
0:00,2@12:00,1,1,3 Phase Timed
4735,0,1,4735
0:00,2@12:00,1,1,2 Phase Timed
4736,0,1,4736
0:00,2@12:00,1,1,2 Phase Timed
4737,0,1,4737
0:00,2@12:00,1,1,2 Phase Timed
4738,0,1,4738
0:00,2@12:00,1,1,2 Phase Timed
4741,0,1,4741
0:00,2@12:00,1,1,3 Phase Timed
4742,0,1,4742
0:00,2@12:00,1,1,2 Phase Timed
4744,0,1,4744
0:00,2@12:00,1,1,2 Phase Timed
4745,0,1,4745
0:00,2@12:00,1,1,3 Phase Timed
4747,0,1,4747
0:00,2@12:00,1,1,2 Phase Timed
4748,0,1,4748
0:00,2@12:00,1,1,3 Phase Timed
4749,0,1,4749
0:00,2@12:00,1,1,2 Phase Timed
4750,0,1,4750
0:00,2@12:00,1,1,2 Phase Timed
4751,0,1,4751
0:00,2@12:00,1,1,2 Phase Timed
4752,0,1,4752
0:00,2@12:00,1,1,2 Phase Timed
4753,0,1,4753
0:00,2@12:00,1,1,2 Phase Timed
4754,0,1,4754
0:00,2@12:00,1,1,3 Phase Timed
4755,0,1,4755
0:00,2@12:00,1,1,2 Phase Timed
4757,0,1,4757
0:00,2@12:00,1,1,2 Phase Timed
4759,0,1,4759
0:00,2@12:00,1,1,2 Phase Timed
4760,0,1,4760
0:00,2@12:00,1,1,3 Phase Timed
4762,0,1,4762
0:00,2@12:00,1,1,2 Phase Timed
4764,0,1,4764
0:00,2@12:00,1,1,2 Phase Timed
4768,0,1,4768
0:00,2@12:00,1,1,2 Phase Timed
4769,0,1,4769
0:00,2@12:00,1,1,2 Phase Timed
4771,0,1,4771
0:00,2@12:00,1,1,3 Phase Timed
4772,0,1,4772
0:00,2@12:00,1,1,2 Phase Timed
4785,0,1,4785
0:00,2@12:00,1,1,3 Phase Timed
4786,0,1,4786
0:00,2@12:00,1,1,2 Phase Timed
4787,0,1,4787
0:00,2@12:00,1,1,2 Phase Timed
4789,0,1,4789
0:00,2@12:00,1,1,3 Phase Timed
4792,0,1,4792
0:00,2@12:00,1,1,2 Phase Timed
4795,0,1,4795
0:00,2@12:00,1,1,3 Phase Timed
4796,0,1,4796
0:00,2@12:00,1,1,4 Phase Timed
4798,0,1,4798
0:00,2@12:00,1,1,2 Phase Timed
4800,0,1,4800
0:00,2@12:00,1,1,2 Phase Timed
4803,0,1,4803
0:00,2@12:00,1,1,2 Phase Timed
4805,0,1,4805
0:00,2@12:00,1,1,4 Phase Timed
4815,0,1,4815
0:00,2@12:00,1,1,4 Phase Timed
4816,0,1,4816
0:00,2@12:00,1,1,3 Phase Timed
4818,0,1,4818
0:00,2@12:00,1,1,2 Phase Timed
4822,0,1,4822
0:00,2@12:00,1,1,2 Phase Timed
4826,0,1,4826
0:00,2@12:00,1,1,3 Phase Timed
4831,0,1,4831
0:00,2@12:00,1,1,4 Phase Timed
4841,0,1,4841
0:00,2@12:00,1,1,3 Phase Timed
4844,0,1,4844
0:00,2@12:00,1,1,3 Phase Timed
4845,0,1,4845
0:00,2@12:00,1,1,3 Phase Timed
4848,0,1,4848
0:00,2@12:00,1,1,4 Phase Timed
4850,0,1,4850
0:00,2@12:00,1,1,2 Phase Timed
4851,0,1,4851
0:00,2@12:00,1,1,3 Phase Timed
4852,0,1,4852
0:00,2@12:00,1,1,2 Phase Timed
4857,0,1,4857
0:00,2@12:00,1,1,2 Phase Timed
4862,0,1,4862
0:00,2@12:00,1,1,3 Phase Timed
4864,0,1,4864
0:00,2@12:00,1,1,4 Phase Timed
4867,0,1,4867
0:00,2@12:00,1,1,3 Phase Timed
4868,0,1,4868
0:00,2@12:00,1,1,3 Phase Timed
4873,0,1,4873
0:00,2@12:00,1,1,2 Phase Timed
4875,0,1,4875
0:00,2@12:00,1,1,2 Phase Timed
4877,0,1,4877
0:00,2@12:00,1,1,4 Phase Timed
4881,0,1,4881
0:00,2@12:00,1,1,2 Phase Timed
4883,0,1,4883
0:00,2@12:00,1,1,2 Phase Timed
4884,0,1,4884
0:00,2@12:00,1,1,3 Phase Timed
4885,0,1,4885
0:00,2@12:00,1,1,2 Phase Timed
4887,0,1,4887
0:00,2@12:00,1,1,2 Phase Timed
4888,0,1,4888
0:00,2@12:00,1,1,2 Phase Timed
4889,0,1,4889
0:00,2@12:00,1,1,2 Phase Timed
4891,0,1,4891
0:00,2@12:00,1,1,2 Phase Timed
4892,0,1,4892
0:00,2@12:00,1,1,2 Phase Timed
4893,0,1,4893
0:00,2@12:00,1,1,2 Phase Timed
4895,0,1,4895
0:00,2@12:00,1,1,3 Phase Timed
4896,0,1,4896
0:00,2@12:00,1,1,3 Phase Timed
4897,0,1,4897
0:00,2@12:00,1,1,3 Phase Timed
4898,0,1,4898
0:00,2@12:00,1,1,2 Phase Timed
4900,0,1,4900
0:00,2@12:00,1,1,4 Phase Timed
4901,0,1,4901
0:00,2@12:00,1,1,3 Phase Timed
4902,0,1,4902
0:00,2@12:00,1,1,2 Phase Timed
4904,0,1,4904
0:00,2@12:00,1,1,2 Phase Timed
4906,0,1,4906
0:00,2@12:00,1,1,2 Phase Timed
4909,0,1,4909
0:00,2@12:00,1,1,2 Phase Timed
4910,0,1,4910
0:00,2@12:00,1,1,2 Phase Timed
4922,0,1,4922
0:00,2@12:00,1,1,4 Phase Timed
4925,0,1,4925
0:00,2@12:00,1,1,4 Phase Timed
4927,0,1,4927
0:00,2@12:00,1,1,3 Phase Timed
4931,0,1,4931
0:00,2@12:00,1,1,3 Phase Timed
4935,0,1,4935
0:00,2@12:00,1,1,3 Phase Timed
4937,0,1,4937
0:00,2@12:00,1,1,3 Phase Timed
4939,0,1,4939
0:00,2@12:00,1,1,3 Phase Timed
4940,0,1,4940
0:00,2@12:00,1,1,3 Phase Timed
4946,0,1,4946
0:00,2@12:00,1,1,2 Phase Timed
4947,0,1,4947
0:00,2@12:00,1,1,2 Phase Timed
4948,0,1,4948
0:00,2@12:00,1,1,2 Phase Timed
4949,0,1,4949
0:00,2@12:00,1,1,3 Phase Timed
4950,0,1,4950
0:00,2@12:00,1,1,3 Phase Timed
4951,0,1,4951
0:00,2@12:00,1,1,3 Phase Timed
4954,0,1,4954
0:00,2@12:00,1,1,3 Phase Timed
4955,0,1,4955
0:00,2@12:00,1,1,3 Phase Timed
4957,0,1,4957
0:00,2@12:00,1,1,3 Phase Timed
4961,0,1,4961
0:00,2@12:00,1,1,3 Phase Timed
4962,0,1,4962
0:00,2@12:00,1,1,2 Phase Timed
4964,0,1,4964
0:00,2@12:00,1,1,2 Phase Timed
4968,0,1,4968
0:00,2@12:00,1,1,4 Phase Timed
4972,0,1,4972
0:00,2@12:00,1,1,3 Phase Timed
4986,0,1,4986
0:00,2@12:00,1,1,3 Phase Timed
4987,0,1,4987
0:00,2@12:00,1,1,2 Phase Timed
4989,0,1,4989
0:00,2@12:00,1,1,2 Phase Timed
4990,0,1,4990
0:00,2@12:00,1,1,3 Phase Timed
4997,0,1,4997
0:00,2@12:00,1,1,3 Phase Timed
5002,0,1,5002
0:00,2@12:00,1,1,3 Phase Timed
5005,0,1,5005
0:00,2@12:00,1,1,2 Phase Timed
5010,0,1,5010
0:00,2@12:00,1,1,2 Phase Timed
5011,0,1,5011
0:00,2@12:00,1,1,2 Phase Timed
5018,0,1,5018
0:00,2@12:00,1,1,3 Phase Timed
5024,0,1,5024
0:00,2@12:00,1,1,2 Phase Timed
5025,0,1,5025
0:00,2@12:00,1,1,4 Phase Timed
5027,0,1,5027
0:00,2@12:00,1,1,3 Phase Timed
5028,0,1,5028
0:00,2@12:00,1,1,4 Phase Timed
5031,0,1,5031
0:00,2@12:00,1,1,4 Phase Timed
5034,0,1,5034
0:00,2@12:00,1,1,3 Phase Timed
5035,0,1,5035
0:00,2@12:00,1,1,3 Phase Timed
5036,0,1,5036
0:00,2@12:00,1,1,4 Phase Timed
5040,0,1,5040
0:00,2@12:00,1,1,3 Phase Timed
5046,0,1,5046
0:00,2@12:00,1,1,3 Phase Timed
5048,0,1,5048
0:00,2@12:00,1,1,3 Phase Timed
5049,0,1,5049
0:00,2@12:00,1,1,4 Phase Timed
5053,0,1,5053
0:00,2@12:00,1,1,2 Phase Timed
5054,0,1,5054
0:00,2@12:00,1,1,3 Phase Timed
5057,0,1,5057
0:00,2@12:00,1,1,2 Phase Timed
5066,0,1,5066
0:00,2@12:00,1,1,2 Phase Timed
5068,0,1,5068
0:00,2@12:00,1,1,3 Phase Timed
5070,0,1,5070
0:00,2@12:00,1,1,3 Phase Timed
5071,0,1,5071
0:00,2@12:00,1,1,3 Phase Timed
5072,0,1,5072
0:00,2@12:00,1,1,4 Phase Timed
5083,0,1,5083
0:00,2@12:00,1,1,3 Phase Timed
5098,0,1,5098
0:00,2@12:00,1,1,3 Phase Timed
5099,0,1,5099
0:00,2@12:00,1,1,3 Phase Timed
5101,0,1,5101
0:00,2@12:00,1,1,3 Phase Timed
5102,0,1,5102
0:00,2@12:00,1,1,3 Phase Timed
5103,0,1,5103
0:00,2@12:00,1,1,3 Phase Timed
5104,0,1,5104
0:00,2@12:00,1,1,2 Phase Timed
5105,0,1,5105
0:00,2@12:00,1,1,2 Phase Timed
5107,0,1,5107
0:00,2@12:00,1,1,2 Phase Timed
5108,0,1,5108
0:00,2@12:00,1,1,2 Phase Timed
5109,0,1,5109
0:00,2@12:00,1,1,2 Phase Timed
5113,0,1,5113
0:00,2@12:00,1,1,4 Phase Timed
5117,0,1,5117
0:00,2@12:00,1,1,3 Phase Timed
5124,0,1,5124
0:00,2@12:00,1,1,2 Phase Timed
5125,0,1,5125
0:00,2@12:00,1,1,2 Phase Timed
5126,0,1,5126
0:00,2@12:00,1,1,3 Phase Timed
5140,0,1,5140
0:00,2@12:00,1,1,4 Phase Timed
5146,0,1,5146
0:00,2@12:00,1,1,3 Phase Timed
5153,0,1,5153
0:00,2@12:00,1,1,3 Phase Timed
5154,0,1,5154
0:00,2@12:00,1,1,3 Phase Timed
5160,0,1,5160
0:00,2@12:00,1,1,3 Phase Timed
5163,0,1,5163
0:00,2@12:00,1,1,3 Phase Timed
5164,0,1,5164
0:00,2@12:00,1,1,3 Phase Timed
5166,0,1,5166
0:00,2@12:00,1,1,3 Phase Timed
5168,0,1,5168
0:00,2@12:00,1,1,2 Phase Timed
5172,0,1,5172
0:00,2@12:00,1,1,3 Phase Timed
5174,0,1,5174
0:00,2@12:00,1,1,3 Phase Timed
5178,0,1,5178
0:00,2@12:00,1,1,3 Phase Timed
5179,0,1,5179
0:00,2@12:00,1,1,3 Phase Timed
5181,0,1,5181
0:00,2@12:00,1,1,2 Phase Timed
5191,0,1,5191
0:00,2@12:00,1,1,3 Phase Timed
5198,0,1,5198
0:00,2@12:00,1,1,2 Phase Timed
5205,0,1,5205
0:00,2@12:00,1,1,3 Phase Timed
5212,0,1,5212
0:00,2@12:00,1,1,2 Phase Timed
5214,0,1,5214
0:00,2@12:00,1,1,3 Phase Timed
5225,0,1,5225
0:00,2@12:00,1,1,3 Phase Timed
5227,0,1,5227
0:00,2@12:00,1,1,3 Phase Timed
5230,0,1,5230
0:00,2@12:00,1,1,4 Phase Timed
5232,0,1,5232
0:00,2@12:00,1,1,4 Phase Timed
5239,0,1,5239
0:00,2@12:00,1,1,3 Phase Timed
5240,0,1,5240
0:00,2@12:00,1,1,3 Phase Timed
5245,0,1,5245
0:00,2@12:00,1,1,3 Phase Timed
5248,0,1,5248
0:00,2@12:00,1,1,3 Phase Timed
5251,0,1,5251
0:00,2@12:00,1,1,3 Phase Timed
5253,0,1,5253
0:00,2@12:00,1,1,3 Phase Timed
5263,0,1,5263
0:00,2@12:00,1,1,2 Phase Timed
5265,0,1,5265
0:00,2@12:00,1,1,2 Phase Timed
5273,0,1,5273
0:00,2@12:00,1,1,4 Phase Timed
5274,0,1,5274
0:00,2@12:00,1,1,3 Phase Timed
5277,0,1,5277
0:00,2@12:00,1,1,3 Phase Timed
5282,0,1,5282
0:00,2@12:00,1,1,3 Phase Timed
5291,0,1,5291
0:00,2@12:00,1,1,3 Phase Timed
5313,0,1,5313
0:00,2@12:00,1,1,3 Phase Timed
5337,0,1,5337
0:00,2@12:00,1,1,2 Phase Timed
5341,0,1,5341
0:00,2@12:00,1,1,2 Phase Timed
5346,0,1,5346
0:00,2@12:00,1,1,2 Phase Timed
5371,0,1,5371
0:00,2@12:00,1,1,3 Phase Timed
5375,0,1,5375
0:00,2@12:00,1,1,2 Phase Timed
5377,0,1,5377
0:00,2@12:00,1,1,3 Phase Timed
5393,0,1,5393
0:00,2@12:00,1,1,3 Phase Timed
5418,0,1,5418
0:00,2@12:00,1,1,3 Phase Timed
5420,0,1,5420
0:00,2@12:00,1,1,2 Phase Timed
5436,0,1,5436
0:00,2@12:00,1,1,3 Phase Timed
5464,0,1,5464
0:00,2@12:00,1,1,3 Phase Timed
5560,0,1,5560
0:00,2@12:00,1,1,4 Phase Timed
5561,0,1,5561
0:00,2@12:00,1,1,3 Phase Timed
5562,0,1,5562
0:00,2@12:00,1,1,3 Phase Timed
5570,0,1,5570
0:00,2@12:00,1,1,2 Phase Timed
5583,0,1,5583
0:00,2@12:00,1,1,2 Phase Timed
5588,0,1,5588
0:00,2@12:00,1,1,3 Phase Timed
5604,0,1,5604
0:00,2@12:00,1,1,3 Phase Timed
5605,0,1,5605
0:00,2@12:00,1,1,3 Phase Timed
5633,0,1,5633
0:00,2@12:00,1,1,3 Phase Timed
5655,0,1,5655
0:00,2@12:00,1,1,3 Phase Timed
5684,0,1,5684
0:00,2@12:00,1,1,3 Phase Timed
5693,0,1,5693
0:00,2@12:00,1,1,2 Phase Timed
5695,0,1,5695
0:00,2@12:00,1,1,3 Phase Timed
5721,0,1,5721
0:00,2@12:00,1,1,2 Phase Timed
5729,0,1,5729
0:00,2@12:00,1,1,3 Phase Timed
5744,0,1,5744
0:00,2@12:00,1,1,3 Phase Timed
5761,0,1,5761
0:00,2@12:00,1,1,3 Phase Timed
5762,0,1,5762
0:00,2@12:00,1,1,2 Phase Timed
5772,0,1,5772
0:00,2@12:00,1,1,3 Phase Timed
5776,0,1,5776
0:00,2@12:00,1,1,3 Phase Timed
5812,0,1,5812
0:00,2@12:00,1,1,3 Phase Timed
5818,0,1,5818
0:00,2@12:00,1,1,2 Phase Timed
5834,0,1,5834
0:00,2@12:00,1,1,3 Phase Timed
5835,0,1,5835
0:00,2@12:00,1,1,3 Phase Timed
5862,0,1,5862
0:00,2@12:00,1,1,3 Phase Timed
5887,0,1,5887
0:00,2@12:00,1,1,3 Phase Timed
5888,0,1,5888
0:00,2@12:00,1,1,4 Phase Timed
5901,0,1,5901
0:00,2@12:00,1,1,2 Phase Timed
5934,0,1,5934
0:00,2@12:00,1,1,2 Phase Timed
5936,0,1,5936
0:00,2@12:00,1,1,3 Phase Timed
5957,0,1,5957
0:00,2@12:00,1,1,2 Phase Timed
5959,0,1,5959
0:00,2@12:00,1,1,3 Phase Timed
5980,0,1,5980
0:00,2@12:00,1,1,3 Phase Timed
6007,0,1,6007
0:00,2@12:00,1,1,3 Phase Timed
6024,0,1,6024
0:00,2@12:00,1,1,2 Phase Timed
6035,0,1,6035
0:00,2@12:00,1,1,3 Phase Timed
6101,0,1,6101
0:00,2@12:00,1,1,2 Phase Timed
6103,0,1,6103
0:00,2@12:00,1,1,3 Phase Timed
6166,0,1,6166
0:00,2@12:00,1,1,2 Phase Timed
6189,0,1,6189
0:00,2@12:00,1,1,3 Phase Timed
6215,0,1,6215
0:00,2@12:00,1,1,3 Phase Timed
6224,0,1,6224
0:00,2@12:00,1,1,3 Phase Timed
6228,0,1,6228
0:00,2@12:00,1,1,2 Phase Timed
6229,0,1,6229
0:00,2@12:00,1,1,2 Phase Timed
6290,0,1,6290
0:00,2@12:00,1,1,2 Phase Timed
6309,0,1,6309
0:00,2@12:00,1,1,2 Phase Timed
6310,0,1,6310
0:00,2@12:00,1,1,2 Phase Timed
6341,0,1,6341
0:00,2@12:00,1,1,3 Phase Timed
6349,0,1,6349
0:00,2@12:00,1,1,2 Phase Timed
6350,0,1,6350
0:00,2@12:00,1,1,3 Phase Timed
6390,0,1,6390
0:00,2@12:00,1,1,3 Phase Timed
6391,0,1,6391
0:00,2@12:00,1,1,2 Phase Timed
6399,0,1,6399
0:00,2@12:00,1,1,2 Phase Timed
6400,0,1,6400
0:00,2@12:00,1,1,2 Phase Timed
6402,0,1,6402
0:00,2@12:00,1,1,3 Phase Timed
6403,0,1,6403
0:00,2@12:00,1,1,2 Phase Timed
6404,0,1,6404
0:00,2@12:00,1,1,2 Phase Timed
6405,0,1,6405
0:00,2@12:00,1,1,2 Phase Timed
6406,0,1,6406
0:00,2@12:00,1,1,2 Phase Timed
6408,0,1,6408
0:00,2@12:00,1,1,3 Phase Timed
6417,0,1,6417
0:00,2@12:00,1,1,3 Phase Timed
6418,0,1,6418
0:00,2@12:00,1,1,2 Phase Timed
6431,0,1,6431
0:00,2@12:00,1,1,2 Phase Timed
6450,0,1,6450
0:00,2@12:00,1,1,2 Phase Timed
6451,0,1,6451
0:00,2@12:00,1,1,2 Phase Timed
6453,0,1,6453
0:00,2@12:00,1,1,3 Phase Timed
6455,0,1,6455
0:00,2@12:00,1,1,2 Phase Timed
6459,0,1,6459
0:00,2@12:00,1,1,2 Phase Timed
6519,0,1,6519
0:00,2@12:00,1,1,2 Phase Timed
6521,0,1,6521
0:00,2@12:00,1,1,2 Phase Timed
6759,0,1,6759
0:00,2@12:00,1,1,2 Phase Timed
6763,0,1,6763
0:00,2@12:00,1,1,3 Phase Timed
6769,0,1,6769
0:00,2@12:00,1,1,2 Phase Timed
6777,0,1,6777
0:00,2@12:00,1,1,2 Phase Timed
6782,0,1,6782
0:00,2@12:00,1,1,3 Phase Timed
6806,0,1,6806
0:00,2@12:00,1,1,4 Phase Timed
6807,0,1,6807
0:00,2@12:00,1,1,2 Phase Timed
6827,0,1,6827
0:00,2@12:00,1,1,3 Phase Timed
6849,0,1,6849
0:00,2@12:00,1,1,2 Phase Timed
6858,0,1,6858
0:00,2@12:00,1,1,2 Phase Timed
6879,0,1,6879
0:00,2@12:00,1,1,3 Phase Timed
6884,0,1,6884
0:00,2@12:00,1,1,3 Phase Timed
6887,0,1,6887
0:00,2@12:00,1,1,3 Phase Timed
6893,0,1,6893
0:00,2@12:00,1,1,3 Phase Timed
6905,0,1,6905
0:00,2@12:00,1,1,2 Phase Timed
6922,0,1,6922
0:00,2@12:00,1,1,3 Phase Timed
6987,0,1,6987
0:00,2@12:00,1,1,3 Phase Timed
7006,0,1,7006
0:00,2@12:00,1,1,2 Phase Timed
7010,0,1,7010
0:00,2@12:00,1,1,3 Phase Timed
7011,0,1,7011
0:00,2@12:00,1,1,2 Phase Timed
7032,0,1,7032
0:00,2@12:00,1,1,3 Phase Timed
7049,0,1,7049
0:00,2@12:00,1,1,3 Phase Timed
7053,0,1,7053
0:00,2@12:00,1,1,3 Phase Timed
7074,0,1,7074
0:00,2@12:00,1,1,3 Phase Timed
7100,0,1,7100
0:00,2@12:00,1,1,3 Phase Timed
7104,0,1,7104
0:00,2@12:00,1,1,3 Phase Timed
7105,0,1,7105
0:00,2@12:00,1,1,3 Phase Timed
7113,0,1,7113
0:00,2@12:00,1,1,3 Phase Timed
7143,0,1,7143
0:00,2@12:00,1,1,3 Phase Timed
7149,0,1,7149
0:00,2@12:00,1,1,2 Phase Timed
7156,0,1,7156
0:00,2@12:00,1,1,3 Phase Timed
7178,0,1,7178
0:00,2@12:00,1,1,3 Phase Timed
10562,0,1,10562
0:00,2@12:00,1,1,4 Phase Timed
