ZONE,X_COORD,Y_COORD,Z_COORD,AREA_TYPE,NOTES
1,673673.1,3370614.5,0,8,0
2,674435.6,3370660,0,8,0
3,673583.7,3370136.5,0,8,0
4,674136.3,3370156.2,0,8,0
5,674491,3370175.5,0,8,0
6,673584.4,3369836.1,0,8,0
7,674145.6,3369863.7,0,8,0
8,674505.6,3369880.9,0,8,0
9,673646.4,3369525.4,0,8,0
10,674114,3369509.3,0,8,0
11,674459,3369551.1,0,8,0
12,673638.2,3369119.9,0,8,0
13,674143,3369145.2,0,8,0
14,674477.4,3369109.7,0,8,0
15,673574,3371555.7,0,8,0
16,674615.1,3371559.5,0,8,0
17,675559.2,3371601.1,0,8,0
18,675230.3,3370455.5,0,8,0
19,675260.3,3369697,0,8,0
20,675289.1,3369159,0,8,0
21,675347.9,3368502.9,0,8,0
22,674608.2,3368442.1,0,8,0
23,674247,3368189.2,0,8,0
24,673653.2,3368623.7,0,8,0
25,673564.7,3367398.7,0,8,0
26,674443.7,3367308.6,0,8,0
27,675326.2,3367382.6,0,8,0
28,676350.4,3368313.9,0,8,0
29,676266.3,3369115.4,0,8,0
30,676216.1,3369738.1,0,8,0
31,675894.3,3370492.2,0,8,0
32,676595.1,3370705.4,0,8,0
33,676472.6,3371800.9,0,8,0
34,677847.1,3372086,0,8,0
35,677599.4,3370949.7,0,8,0
36,676915.7,3369771.8,0,8,0
37,677028.9,3369216.7,0,8,0
38,677133.6,3368125.5,0,8,0
39,676573.5,3367089.2,0,8,0
40,676205.7,3366120.2,0,8,0
41,675543.9,3365894.6,0,8,0
42,674709.7,3365899,0,8,0
43,673428.5,3365809.9,0,8,0
44,673627.2,3364236.8,0,8,0
45,675644.2,3363868.3,0,8,0
46,676327.1,3364641.1,0,8,0
47,677189,3365484.5,0,8,0
48,677690.2,3366346.8,0,8,0
49,678144.7,3366945.8,0,8,0
50,678187.1,3367627.7,0,8,0
51,677975,3368504.5,0,8,0
52,677959.5,3369255,0,8,0
53,677965.8,3369825.4,0,8,0
54,678352.1,3371034,0,8,0
55,678984.8,3372084,0,8,0
56,679226.3,3371017.2,0,8,0
57,679275.1,3369895,0,8,0
58,679078.1,3369002.4,0,8,0
59,678790.8,3368235.5,0,8,0
60,679412.3,3367573.7,0,8,0
61,679580.2,3366353.3,0,8,0
62,678776.7,3365165.9,0,8,0
63,678402.4,3363763.5,0,8,0
64,677336.3,3362385.2,0,8,0
65,672579.7,3360801.8,0,8,0
66,676851.6,3359593.4,0,8,0
67,678677.9,3360289.7,0,8,0
68,679818.7,3361022.8,0,8,0
69,679848,3361985.7,0,8,0
70,679226.6,3362958.1,0,8,0
71,680418.1,3362965.4,0,8,0
72,680588.1,3364509.9,0,8,0
73,681194.2,3365082.6,0,8,0
74,681198.3,3365949.5,0,8,0
75,681955.5,3366255.5,0,8,0
76,681291.6,3367236.2,0,8,0
77,680275.1,3368151.9,0,8,0
78,680634.3,3369043.1,0,8,0
79,680562.2,3369968.3,0,8,0
80,680488.9,3370845.8,0,8,0
81,680090.1,3371889.9,0,8,0
82,681083.9,3372086.9,0,8,0
83,681826.5,3371046.8,0,8,0
84,681773.9,3369872.7,0,8,0
85,682717.4,3369884.2,0,8,0
86,682019.2,3368696.4,0,8,0
87,682853.8,3368612.8,0,8,0
88,683476.1,3368760.7,0,8,0
89,682677.1,3367532.6,0,8,0
90,683941.9,3367433.9,0,8,0
91,684847.8,3366384.6,0,8,0
92,683361.2,3365624.3,0,8,0
93,682762.8,3364370,0,8,0
94,682483,3363372.6,0,8,0
95,681858.2,3363208.2,0,8,0
96,681619.7,3361642.6,0,8,0
97,682155.9,3359669.1,0,8,0
98,680291.3,3359226.3,0,8,0
99,682463.1,3360672.6,0,8,0
100,683717.8,3359999.8,0,8,0
101,683019.5,3361219.8,0,8,0
102,684185.7,3360977.8,0,8,0
103,684095.3,3362192.6,0,8,0
104,684596.7,3363087.2,0,8,0
105,685305.4,3364541.6,0,8,0
106,687113.9,3363674.8,0,8,0
107,687215.4,3362508.1,0,8,0
108,686584.6,3361762.6,0,8,0
109,686204.3,3361088.1,0,8,0
110,685626.5,3359933.8,0,8,0
111,683228,3356979.3,0,8,0
112,686977.1,3358390.8,0,8,0
113,689568.1,3357508.9,0,8,0
114,688132.2,3359355.2,0,8,0
115,688017.5,3360365.9,0,8,0
116,689282.7,3360715.1,0,8,0
117,691233.4,3358819.4,0,8,0
118,692661.2,3359555.4,0,8,0
119,689639.8,3362159.3,0,8,0
120,687801.4,3365068.2,0,8,0
121,686464.9,3365788.1,0,8,0
122,685373.2,3367175.5,0,8,0
123,685071.7,3367933.7,0,8,0
124,684310.5,3368911.2,0,8,0
125,683676,3370142.3,0,8,0
126,683188.6,3371631,0,8,0
127,682169.5,3372118.6,0,8,0
128,684537.6,3371813.4,0,8,0
129,684748.8,3370186.6,0,8,0
130,685215.8,3369034.7,0,8,0
131,686136.5,3368283.8,0,8,0
132,686452.1,3367087.5,0,8,0
133,687817.7,3367153,0,8,0
134,687261.5,3368661.9,0,8,0
135,686937.7,3369508,0,8,0
136,686092.9,3369355.9,0,8,0
137,685836.1,3370562.2,0,8,0
138,686891.4,3370640.6,0,8,0
139,685804,3371878.2,0,8,0
140,687544.3,3372166.3,0,8,0
141,688012.3,3370844.1,0,8,0
142,689346.8,3371037.9,0,8,0
143,687914.3,3369708.3,0,8,0
144,688896.8,3369347.7,0,8,0
145,690525.3,3370120.8,0,8,0
146,690631.2,3368519.9,0,8,0
147,689053.9,3368499.7,0,8,0
148,689658.7,3367398.8,0,8,0
149,691037.9,3367046.3,0,8,0
150,689571.8,3366285.8,0,8,0
151,692289.3,3366161.5,0,8,0
152,691406,3364562.9,0,8,0
153,689477.7,3364829.6,0,8,0
154,690472.9,3362930.3,0,8,0
155,692381.4,3361861.1,0,8,0
156,694100.2,3361692.4,0,8,0
157,697776.2,3359820.8,0,8,0
158,696511.3,3362612.7,0,8,0
159,693575,3364823.9,0,8,0
160,694167.7,3365652,0,8,0
161,693782.4,3366561.2,0,8,0
162,692995.6,3368400.7,0,8,0
163,692263.6,3370783.3,0,8,0
164,690896.6,3371662.7,0,8,0
165,690734,3372641.4,0,8,0
166,693520.2,3373044.7,0,8,0
167,692317.8,3374428.8,0,8,0
168,690236.7,3374066.5,0,8,0
169,687715.8,3373786.4,0,8,0
170,685368.9,3373104.3,0,8,0
171,682793.8,3373138.4,0,8,0
172,682925.9,3373480,0,8,0
173,680377.6,3372935.3,0,8,0
174,678994.7,3372891.1,0,8,0
175,677738,3372827,0,8,0
176,676399.4,3372761.8,0,8,0
177,674634.7,3372380.1,0,8,0
178,675516.5,3372630.6,0,8,0
179,675392.3,3373882.6,0,8,0
180,674010.1,3374175.5,0,8,0
181,674991,3374838.9,0,8,0
182,673867.8,3376753.6,0,8,0
183,673604.7,3377453.4,0,8,0
184,675265.1,3377239.6,0,8,0
185,676207.4,3377312.6,0,8,0
186,675918.3,3376143.9,0,8,0
187,676049.8,3375045.2,0,8,0
188,675898.5,3373786.8,0,8,0
189,676462.3,3373752.5,0,8,0
190,677692.3,3373771.9,0,8,0
191,677708.8,3374553.8,0,8,0
192,676575.6,3374561,0,8,0
193,676804.7,3375198.3,0,8,0
194,677784.5,3375227.4,0,8,0
195,678196.4,3376088.4,0,8,0
196,677033.1,3376182.1,0,8,0
197,677175.6,3377410.8,0,8,0
198,678950.8,3377797.5,0,8,0
199,679017.6,3376696.4,0,8,0
200,679109.7,3375318,0,8,0
201,679294.7,3374646.8,0,8,0
202,679088.2,3373842.6,0,8,0
203,680158.7,3373877.6,0,8,0
204,681086.3,3373956.1,0,8,0
205,680697.9,3375245.4,0,8,0
206,680687.8,3376690.4,0,8,0
207,682298.7,3377787.2,0,8,0
208,682305.6,3376429.6,0,8,0
209,682588.3,3375340,0,8,0
210,682404,3374092.6,0,8,0
211,684437,3373764.9,0,8,0
212,684635.3,3375494,0,8,0
213,685595.8,3374257,0,8,0
214,687062.2,3374815.7,0,8,0
215,687582.4,3375830,0,8,0
216,686013.3,3377313.4,0,8,0
217,684764.7,3378992.6,0,8,0
218,687141.5,3380176.8,0,8,0
219,688397.2,3379726.1,0,8,0
220,687825.1,3377551,0,8,0
221,689620.6,3375565.3,0,8,0
222,690539.1,3376817.8,0,8,0
223,693201.5,3376500.9,0,8,0
224,691122.8,3379104.5,0,8,0
225,689471,3379144.6,0,8,0
226,689265.3,3381554.6,0,8,0
227,691714,3381778.5,0,8,0
228,693273.3,3383580.6,0,8,0
229,690800.6,3384468,0,8,0
230,689041.6,3383904.7,0,8,0
231,687991.5,3383570.5,0,8,0
232,687465.8,3382077.8,0,8,0
233,685078.7,3381292.2,0,8,0
234,682876.8,3380619.6,0,8,0
235,681620.7,3380863.5,0,8,0
236,679993.8,3380843.4,0,8,0
237,679464.4,3379272.4,0,8,0
238,677165.7,3379456.2,0,8,0
239,676035.5,3378899.8,0,8,0
240,675123.4,3378617.2,0,8,0
241,675237.8,3379924,0,8,0
242,675923.6,3381327.3,0,8,0
243,677867.9,3381364.2,0,8,0
244,678642,3383180,0,8,0
245,676629.7,3383067.8,0,8,0
246,676573.6,3384670,0,8,0
247,678502.6,3384552.3,0,8,0
248,678772.9,3385545.5,0,8,0
249,676586.4,3386199.1,0,8,0
250,680321.5,3383301.9,0,8,0
251,681153.4,3385138.3,0,8,0
252,683419.3,3384678.7,0,8,0
253,683968.9,3382770.7,0,8,0
254,686062,3383356.3,0,8,0
255,685840.1,3385389.8,0,8,0
256,687831.8,3387422.1,0,8,0
257,690184.1,3386946.8,0,8,0
258,685922.5,3388415.4,0,8,0
259,683600.5,3389223.1,0,8,0
260,681785.7,3388573.9,0,8,0
261,678930.4,3387462,0,8,0
262,676806.2,3387704.2,0,8,0
263,677154.4,3389759.9,0,8,0
264,679414.4,3389788.3,0,8,0
265,680353.4,3391460.5,0,8,0
266,678305.9,3391603,0,8,0
267,678459,3393940.2,0,8,0
268,681058.1,3393815.8,0,8,0
269,680405.8,3397447.8,0,8,0
270,678440.6,3396976.2,0,8,0
271,674947.1,3397192.5,0,8,0
272,675664.2,3394950.7,0,8,0
273,676580,3392551.9,0,8,0
274,677014.3,3393020.1,0,8,0
275,675281.7,3393432.4,0,8,0
276,673788.8,3393523.7,0,8,0
277,672869.7,3392893.1,0,8,0
278,674554.5,3391424.9,0,8,0
279,676087.3,3391596.1,0,8,0
280,676714.4,3391722.4,0,8,0
281,676285.1,3390480.5,0,8,0
282,675875.5,3388214.5,0,8,0
283,674140.6,3389176.5,0,8,0
284,670809.5,3390686.6,0,8,0
285,666538.8,3386608.9,0,8,0
286,671188.7,3387346.9,0,8,0
287,673203.2,3386828.7,0,8,0
288,674917.4,3386697.2,0,8,0
289,674855.9,3384344.4,0,8,0
290,673017.4,3384320.3,0,8,0
291,673629.6,3382382.6,0,8,0
292,674114.3,3381045.2,0,8,0
293,669105.6,3379062.2,0,8,0
294,672652.2,3380236.9,0,8,0
295,674273.7,3379398.8,0,8,0
296,673023.2,3378563,0,8,0
297,669242.2,3376215.7,0,8,0
298,672401.2,3374872,0,8,0
299,670379.8,3374366.3,0,8,0
300,668470.6,3374239.9,0,8,0
301,666786.3,3372830.8,0,8,0
302,666673.3,3370811,0,8,0
303,669705.1,3371600.7,0,8,0
304,672360.2,3372590.6,0,8,0
305,672468.1,3370946.2,0,8,0
306,671456.4,3370850.3,0,8,0
307,672561.8,3369587.8,0,8,0
308,671311.5,3369774.9,0,8,0
309,667082,3368419.6,0,8,0
310,672571.9,3368266.1,0,8,0
311,667556.4,3365444.1,0,8,0
312,696039,3385261.1,0,8,0
313,697050.8,3382134.9,0,8,0
314,695500.6,3380146.4,0,8,0
315,694944.8,3378641.1,0,8,0
316,696546.9,3377930.6,0,8,0
317,697472.6,3378908.5,0,8,0
318,699253.6,3378502.1,0,8,0
319,700422.3,3378140.6,0,8,0
320,701149.3,3378208.1,0,8,0
321,701983.2,3377417,0,8,0
322,703892.9,3378324.4,0,8,0
323,706363.7,3378081.3,0,8,0
324,705598.6,3375933.7,0,8,0
325,706420.1,3374182.4,0,8,0
326,703762,3371798.8,0,8,0
327,703685.3,3373574.8,0,8,0
328,703462.4,3375537.6,0,8,0
329,700431.2,3374895.5,0,8,0
330,698890.3,3375409.5,0,8,0
331,697998.4,3375545.3,0,8,0
332,697106.7,3376765.2,0,8,0
333,695183.1,3376620.5,0,8,0
334,695310.4,3374954.1,0,8,0
335,695972,3375206.4,0,8,0
336,696782.2,3375786.2,0,8,0
337,696774.3,3374965.2,0,8,0
338,696634.5,3374329.5,0,8,0
339,695955.7,3374185,0,8,0
340,694484.5,3372998.1,0,8,0
341,695281,3373096.2,0,8,0
342,695882.5,3372918.1,0,8,0
343,696752.5,3373714.3,0,8,0
344,697607.8,3373890.1,0,8,0
345,698838.9,3372971.2,0,8,0
346,701046.4,3373271,0,8,0
347,701363.9,3370687.5,0,8,0
348,698896.5,3371500.3,0,8,0
349,697483.2,3372407.2,0,8,0
350,696614.4,3372735.5,0,8,0
351,695570,3371886.4,0,8,0
352,693992.3,3371149.5,0,8,0
353,695369.7,3371072.5,0,8,0
354,696611.2,3371642.2,0,8,0
355,694946.4,3368046.4,0,8,0
356,695591.1,3369562,0,8,0
357,696802.1,3370431.8,0,8,0
358,698253.5,3369991.7,0,8,0
359,699560.9,3370694.9,0,8,0
360,699472.8,3368969.1,0,8,0
361,701756.5,3366553.9,0,8,0
362,699312.8,3366160,0,8,0
363,696772.8,3368466.8,0,8,0
364,698485.7,3363574.8,0,8,0
391,696570.4,3357479.1,0,8,0
392,693217,3355519.5,0,8,0
393,696478.8,3354921.5,0,8,0
394,699020,3355061.8,0,8,0
395,700664.2,3355415.6,0,8,0
396,702564.4,3357396.3,0,8,0
397,703992.5,3354819.5,0,8,0
398,703215,3351365.3,0,8,0
399,703253,3350139.9,0,8,0
400,703302.3,3348516,0,8,0
401,706963.9,3348262.1,0,8,0
402,707553.9,3352300.4,0,8,0
403,703553.8,3346020.1,0,8,0
404,702472.4,3344720.5,0,8,0
405,706491.6,3345379.8,0,8,0
406,704780.2,3342154.5,0,8,0
407,707410.9,3339788.8,0,8,0
408,705917.8,3338318.9,0,8,0
409,702064.6,3340107.3,0,8,0
410,701992,3342509.6,0,8,0
411,697441.5,3341022.3,0,8,0
412,699222.6,3343213.7,0,8,0
413,700947,3344819.6,0,8,0
414,699738.2,3345191.8,0,8,0
415,698929.8,3345170.3,0,8,0
416,698925.8,3344361.5,0,8,0
417,699731.2,3344378.4,0,8,0
418,697622.5,3345482.7,0,8,0
419,700509.5,3346006.8,0,8,0
420,701015.4,3347786.8,0,8,0
421,699614.7,3347964,0,8,0
422,700531.4,3346775.1,0,8,0
423,699084.8,3346815,0,8,0
424,697044,3347759,0,8,0
425,700825.1,3349668,0,8,0
426,699349.4,3349596.5,0,8,0
427,696366.9,3349591.8,0,8,0
428,700745.4,3352119.7,0,8,0
429,699120.3,3352089.6,0,8,0
430,697330.8,3352461.2,0,8,0
431,695384.2,3351666,0,8,0
432,691235.4,3351620.6,0,8,0
433,691220,3347151.8,0,8,0
434,694510.2,3345660.3,0,8,0
501,658367.3,3374928.4,0,8,0
502,667339.7,3358887.4,0,8,0
601,728695.8,3382332.9,0,8,0
602,716151.9,3381900,0,8,0
603,702318.4,3386361.2,0,8,0
604,709131.5,3375721.9,0,8,0
605,706910.3,3366700.8,0,8,0
606,713822.3,3358047.9,0,8,0
607,729834.7,3357469.8,0,8,0
701,665365.1,3393326.8,0,8,0
702,669654.5,3395340.4,0,8,0
703,682422.7,3397476.1,0,8,0
704,693199.4,3394575.4,0,8,0
801,715962.7,3342748.3,0,8,0
802,697762.2,3338033.5,0,8,0
803,695923.4,3331083.4,0,8,0
804,692705.2,3331265.9,0,8,0
805,687437.4,3335420.3,0,8,0
806,692796.2,3332457.5,0,8,0
15000,783526.1,3313868.8,0,8,0
15010,784167.1,3315283.3,0,8,0
15020,784851.1,3314706.5,0,8,0
15030,785029.8,3313775.6,0,8,0
15040,784188.1,3313821.6,0,8,0
15050,783518.8,3313221.5,0,8,0
15060,784079.4,3312838.1,0,8,0
15070,784433,3311506.2,0,8,0
15080,785112.2,3310284.2,0,8,0
15090,785060.9,3312356.1,0,8,0
15100,785996.3,3312628.5,0,8,0
15110,786914.4,3312527.4,0,8,0
15120,788015.1,3310755.1,0,8,0
15130,787085.8,3310651.9,0,8,0
15140,786242.9,3310980.1,0,8,0
15150,786113.6,3309892.5,0,8,0
15160,786798.5,3308572.4,0,8,0
15170,786588.1,3306863.8,0,8,0
15180,785159.7,3305884.9,0,8,0
15190,784197.6,3305338.6,0,8,0
15200,783616.4,3307211.7,0,8,0
15210,784787,3307637.3,0,8,0
15220,784529,3308916.3,0,8,0
15230,783933.8,3309697.2,0,8,0
15240,782852.7,3309423.1,0,8,0
15250,783372,3310884.5,0,8,0
15260,782800.5,3312580.1,0,8,0
15270,781997.7,3311596.1,0,8,0
15280,782452.9,3312000.9,0,8,0
15290,782472.8,3312889.9,0,8,0
15300,781774.3,3312598.9,0,8,0
15330,780710.5,3312393.2,0,8,0
15340,780773.8,3312043.8,0,8,0
15350,780874.6,3311359.4,0,8,0
15360,781786.5,3311539.5,0,8,0
15370,782142.1,3310297.7,0,8,0
15380,780569.8,3310101.4,0,8,0
15390,781551.3,3308801.2,0,8,0
15400,782706.1,3308795.5,0,8,0
15410,783068.6,3306939,0,8,0
15420,783780,3304208.7,0,8,0
15431,779493.8,3304105.1,0,8,0
15432,779683.9,3299696.6,0,8,0
15433,781983.9,3301598.9,0,8,0
15440,780265,3305861.9,0,8,0
15451,780805.6,3307456.1,0,8,0
15452,781683.8,3307020.3,0,8,0
15453,782204.1,3307007.2,0,8,0
15454,782600.5,3306872.1,0,8,0
15455,782730.1,3305244.4,0,8,0
15460,779637.4,3307969,0,8,0
15471,779319.5,3310872.3,0,8,0
15472,779437.6,3309759,0,8,0
15480,779706,3311484.4,0,8,0
15490,779311.2,3311357.9,0,8,0
15500,778631.6,3312000.2,0,8,0
15510,778089.4,3311521.2,0,8,0
15521,777778.9,3310941.1,0,8,0
15522,777847.5,3309724.1,0,8,0
15530,777760.6,3308072.2,0,8,0
15540,779001.8,3306287.7,0,8,0
15551,777010.6,3304767.8,0,8,0
15552,779381.8,3301329.1,0,8,0
15560,775003.1,3298595.5,0,8,0
15570,771186.3,3306005.4,0,8,0
15580,775400.9,3310309.5,0,8,0
15590,775780.8,3310711.6,0,8,0
15600,775922.7,3311478.1,0,8,0
15610,776326.4,3312171.6,0,8,0
15620,775995.5,3314361.5,0,8,0
15630,775324.8,3313360.8,0,8,0
15640,775778.6,3313937.8,0,8,0
15650,775001.8,3315338.1,0,8,0
15660,774594.5,3315829.8,0,8,0
15670,773298.2,3314884.3,0,8,0
15680,772901.5,3313843.6,0,8,0
15690,774130.5,3313466.1,0,8,0
15700,774040,3312269.2,0,8,0
15710,773197.1,3311449.1,0,8,0
15720,771057.3,3309601.9,0,8,0
15730,771072.9,3312677.4,0,8,0
15740,771716.1,3314090.2,0,8,0
15750,768637.2,3313397.9,0,8,0
15760,766691.3,3310423.3,0,8,0
15770,767235.1,3313415.4,0,8,0
15780,766317.3,3316095,0,8,0
15790,765114.2,3313742.7,0,8,0
15800,763513.3,3314151.5,0,8,0
15810,764163.3,3317512.1,0,8,0
15820,763063.7,3319723.8,0,8,0
15830,764581.4,3319149.3,0,8,0
15840,764979.6,3319706.2,0,8,0
15850,766159.6,3319227.9,0,8,0
15860,766092.6,3320444.1,0,8,0
15870,764218.8,3321072.8,0,8,0
15880,766413.7,3321919.3,0,8,0
15890,763658.1,3322000.8,0,8,0
15901,763047.2,3325194.2,0,8,0
15902,763045.1,3322583.5,0,8,0
15911,764865.8,3323601.6,0,8,0
15912,764979.5,3322792.1,0,8,0
15921,766846.9,3323606.6,0,8,0
15922,766750.1,3322857.5,0,8,0
15930,764312.5,3336237.8,0,8,0
15940,767899.6,3336670.8,0,8,0
15950,768734.1,3324768.6,0,8,0
15961,768223.4,3323466.7,0,8,0
15962,768179.5,3322776.7,0,8,0
15970,769547.3,3323381.9,0,8,0
15980,770741.7,3323376.4,0,8,0
15990,771488.4,3333911,0,8,0
16000,772710.1,3324206.3,0,8,0
16010,772017.2,3323292.7,0,8,0
16020,773281.3,3323250.8,0,8,0
16030,774798.5,3336408.2,0,8,0
16040,776776.8,3332801.5,0,8,0
16050,775868.8,3322904.9,0,8,0
16060,775911.6,3323947.4,0,8,0
16070,776955.2,3324167,0,8,0
16080,776939.6,3323130.9,0,8,0
16091,777057,3322125.8,0,8,0
16092,777215.5,3321611.5,0,8,0
16100,777018.4,3321203.4,0,8,0
16110,777273.9,3320513.9,0,8,0
16120,776377.5,3319794.7,0,8,0
16130,776541,3319208.1,0,8,0
16140,774795.3,3319565,0,8,0
16150,775731,3320383.6,0,8,0
16161,775999.6,3322161,0,8,0
16162,775988.9,3321393,0,8,0
16170,774857.8,3320675.6,0,8,0
16181,774885.2,3322196.9,0,8,0
16182,774892.1,3321608.9,0,8,0
16191,774029,3322221.6,0,8,0
16192,774086,3321635.1,0,8,0
16200,773928.8,3320339.9,0,8,0
16210,773935,3319432.6,0,8,0
16220,772807.9,3319440,0,8,0
16230,772946.8,3319874.7,0,8,0
16240,772810.3,3320844.8,0,8,0
16251,772606.7,3322303.5,0,8,0
16252,772764.6,3321696.1,0,8,0
16261,771015.3,3322399.6,0,8,0
16262,771210.6,3321749.6,0,8,0
16270,771410.1,3320882.9,0,8,0
16280,771922.7,3319881.1,0,8,0
16290,771752.6,3319515.8,0,8,0
16300,770097.3,3319941.4,0,8,0
16310,769692.7,3320963.8,0,8,0
16321,770052.3,3322473.6,0,8,0
16322,769259.2,3322053.5,0,8,0
16330,767670.6,3322111.9,0,8,0
16340,767796.1,3321079.6,0,8,0
16350,767791.3,3320090.2,0,8,0
16360,767881.1,3319430,0,8,0
16370,767953,3318708.4,0,8,0
16380,767061.4,3318132.7,0,8,0
16390,768249.5,3316747.4,0,8,0
16400,769155.3,3317311.1,0,8,0
16410,769746.6,3317751.9,0,8,0
16420,769802,3316172.1,0,8,0
16430,770313.1,3315468.8,0,8,0
16440,769422.4,3315393,0,8,0
16450,769108.9,3314583,0,8,0
16460,770536.7,3314442.8,0,8,0
16470,772176.4,3315742.8,0,8,0
16480,771228.6,3316533.5,0,8,0
16490,771299.7,3317335.4,0,8,0
16500,770840.6,3318121,0,8,0
16510,770679.1,3319275.2,0,8,0
16520,773294.1,3319127.1,0,8,0
16530,773202.2,3318322.9,0,8,0
16540,772349.8,3317371.5,0,8,0
16550,773520.5,3317229.8,0,8,0
16560,774716.6,3317779.5,0,8,0
16570,774939.9,3318491.8,0,8,0
16580,775894.7,3318946.8,0,8,0
16590,775626.4,3318417.3,0,8,0
16600,775661.2,3317397,0,8,0
16610,775989.6,3317985.6,0,8,0
16620,775997.1,3318387.9,0,8,0
16630,776278.3,3317873.5,0,8,0
16640,776614.7,3317968.9,0,8,0
16650,781534.3,3310083.9,0,8,0
16660,782646.5,3277823.2,0,8,0
21000,784503.5,3318073.7,0,8,0
21010,785507.7,3317971.1,0,8,0
21020,786563.6,3318092.1,0,8,0
21030,785776.8,3318468.3,0,8,0
21040,785916.6,3319077.3,0,8,0
21050,786855.8,3319652.1,0,8,0
21060,786148.5,3319948.6,0,8,0
21070,785583.1,3320376.6,0,8,0
21080,784967.5,3319288.1,0,8,0
21090,784316.1,3319006.4,0,8,0
21100,783811.1,3318574.5,0,8,0
21110,783491.4,3319084.9,0,8,0
21120,783018.6,3318653.6,0,1,0
21130,782771.6,3318327.2,0,1,0
21140,783426.5,3318129.7,0,1,0
21150,783784.1,3317669.8,0,8,0
21160,783611.9,3317086.9,0,8,0
21170,783685.4,3316523.2,0,8,0
21180,783367.7,3316446.8,0,1,0
21190,783102.9,3316499.5,0,1,0
21200,782593.6,3316643.3,0,1,0
21210,782640.4,3317023.6,0,1,0
21220,783200.9,3316825.9,0,1,0
21230,783250.2,3317217.1,0,1,0
21240,782748,3317298.5,0,1,0
21250,783042.6,3317580.5,0,1,0
21260,782965.6,3317867.7,0,1,0
21270,782499.6,3317976.1,0,1,0
21280,782294.5,3317655.4,0,1,0
21290,782037.8,3317260.1,0,1,0
21300,781699.1,3316991.3,0,1,0
21310,782088.6,3316838.2,0,1,0
21320,781817.5,3316579.7,0,8,0
21330,781636.4,3316329.8,0,8,0
21340,782350.3,3315907.8,0,8,0
21350,782499.5,3316220.5,0,1,0
21360,782791.6,3315667.2,0,8,0
21370,782857.8,3315996.6,0,1,0
21380,783238.3,3315906,0,1,0
21390,783740.5,3315842,0,8,0
21400,783650.8,3314879.3,0,8,0
21410,783160.9,3314955,0,8,0
21420,782615.2,3314848.5,0,8,0
21430,783162.4,3313995.7,0,8,0
21440,782179.9,3313431,0,8,0
21450,781942.9,3313938.4,0,8,0
21460,781711.4,3314610.8,0,8,0
21470,780446,3313980.1,0,8,0
21480,780642.1,3313462.7,0,8,0
21490,780639.7,3312914,0,8,0
21500,778943.5,3312672.2,0,8,0
21510,779183.1,3313299.1,0,8,0
21520,779189.3,3313846.8,0,8,0
21530,778107.7,3314146.5,0,8,0
21540,777902.4,3313413.1,0,8,0
21550,777496.1,3312801.7,0,8,0
21560,776732.3,3313662,0,8,0
21570,777379.6,3314509.3,0,8,0
21580,776940,3315091.8,0,8,0
21590,776382.6,3314964.4,0,8,0
21600,781781.6,3315516.8,0,8,0
21610,781006.6,3315017.5,0,8,0
21620,780946.5,3315863,0,8,0
21630,780342.6,3316492.5,0,8,0
21640,779629,3316184.6,0,8,0
21650,779598.5,3315386.8,0,8,0
21660,780180.9,3314682.4,0,8,0
21670,779279.7,3314594.9,0,8,0
21680,778526.7,3315339.4,0,8,0
21690,778058,3315658,0,8,0
21700,777865.8,3316643.3,0,8,0
21710,777346.1,3315883.5,0,8,0
21720,776297.3,3316231.6,0,8,0
21730,776724.8,3316530.3,0,8,0
21740,777118.2,3317237.6,0,8,0
21750,777065.7,3317840.2,0,8,0
21760,779093.8,3316809.6,0,8,0
21770,778514.4,3317375.3,0,8,0
21780,779102.2,3317859,0,8,0
21790,778448.8,3318546.5,0,8,0
21800,777841.3,3317891,0,8,0
21810,777307.2,3318391.3,0,8,0
21820,777736.1,3318873.4,0,8,0
21830,779220.9,3318282.9,0,8,0
21840,779533.9,3318391.9,0,8,0
21850,780280,3318077.4,0,8,0
21860,779938.7,3317565.2,0,8,0
21870,780588,3316891.3,0,8,0
21880,780911.4,3317309.2,0,8,0
21890,781302.5,3317641.4,0,8,0
21900,781386.4,3318034.1,0,8,0
21910,780570,3318533.2,0,8,0
21920,779876.9,3318960.7,0,8,0
21930,779097.4,3319556.7,0,8,0
21940,778491.6,3319317.4,0,8,0
21950,777675.8,3319311.8,0,8,0
21960,778025.9,3319776.6,0,8,0
21970,778170.2,3320534.6,0,8,0
21980,777567.2,3320430.3,0,8,0
21990,777860.6,3321608.5,0,8,0
22000,777938.6,3323372.7,0,8,0
22010,778662.4,3323690.2,0,8,0
22020,779428.2,3323637,0,8,0
22030,780570.3,3323513.3,0,8,0
22040,780331.3,3321548.8,0,8,0
22050,778994.5,3322281.4,0,8,0
22060,778821.8,3321313,0,8,0
22070,779353.6,3320848.6,0,8,0
22080,779546.8,3319858.7,0,8,0
22090,780000.9,3319886.3,0,8,0
22100,780296,3320220.6,0,8,0
22110,781364.9,3319884.5,0,8,0
22120,781033.2,3319036.7,0,8,0
22130,781934.9,3318536.7,0,8,0
22140,782610.5,3319382.6,0,8,0
22150,782151.3,3320207.1,0,8,0
22160,781610,3320559.9,0,8,0
22170,781720.3,3321195.1,0,8,0
22180,782926.5,3320901.1,0,8,0
22190,783015,3320154.2,0,8,0
22200,783514.4,3320302.6,0,8,0
22210,783669.1,3319715.8,0,8,0
22220,784145.8,3320066.3,0,8,0
22230,784751.2,3320281.2,0,8,0
22240,784838.7,3321254.4,0,8,0
22250,784124.9,3321065.8,0,8,0
22260,783384.8,3321164.1,0,8,0
22270,783364.6,3321662.8,0,8,0
22280,784190.3,3322047.9,0,8,0
22290,784818.1,3322229.1,0,8,0
22300,784274.4,3323282.6,0,8,0
22310,784538.7,3324601.1,0,8,0
22320,783887.5,3324661.6,0,8,0
22330,783070.1,3324191.8,0,8,0
22340,783273.6,3322771.5,0,8,0
22350,782792.2,3322341.4,0,8,0
22360,782279.7,3321873.1,0,8,0
22370,781517.3,3321867.4,0,8,0
22380,781865,3323048.1,0,8,0
22390,781931.6,3324165.9,0,8,0
22400,778743,3324913.1,0,8,0
22410,779535.6,3324939.2,0,8,0
22420,780586.7,3325015.8,0,8,0
22430,781912.6,3325216.6,0,8,0
22440,782832.7,3325509.9,0,8,0
22450,783320.4,3326000.1,0,8,0
22460,783862.7,3325643.1,0,8,0
22470,784842.9,3325942.7,0,8,0
22480,784971.2,3325068.5,0,8,0
22490,785505.3,3324818.5,0,8,0
22500,785780.7,3323669.1,0,8,0
22510,785100.6,3323440.4,0,8,0
22520,785335.1,3322575.4,0,8,0
22530,785956.6,3323038.5,0,8,0
22540,786501.3,3321908,0,8,0
22550,785774.3,3322127.2,0,8,0
22560,785386.7,3321671.1,0,8,0
22570,786118.7,3321228.1,0,8,0
22580,787073.1,3321574.9,0,8,0
22590,786728.1,3323179.3,0,8,0
22600,786242.8,3324662.9,0,8,0
22610,786739.2,3324834.3,0,8,0
22620,789565.7,3334961.5,0,8,0
22630,787196.1,3325906.4,0,8,0
22640,787469,3325113.2,0,8,0
22650,787706.9,3324184.9,0,8,0
22660,789044.4,3324418.9,0,8,0
22670,788517.8,3325206.7,0,8,0
22680,788207,3325697.8,0,8,0
22690,788124.4,3326296.5,0,8,0
22700,790068.4,3327737.5,0,8,0
22710,789234.4,3326786.3,0,8,0
22720,789389.7,3326085.9,0,8,0
22730,789929.8,3325542.9,0,8,0
22740,790753.3,3324777.3,0,8,0
22750,791971.8,3325046.9,0,8,0
22760,791101.6,3325562.7,0,8,0
22770,791728.6,3325831.2,0,8,0
22780,791120.1,3326244.5,0,8,0
22790,790760.2,3326800.1,0,8,0
22800,790378.9,3327409.6,0,8,0
22810,792047.1,3328977.8,0,8,0
22820,791687.5,3328201.1,0,8,0
22830,792099.5,3327600.6,0,8,0
22840,792622.1,3326931.2,0,8,0
22850,793241.3,3326192,0,8,0
22860,792984.4,3325313.5,0,8,0
22870,793965.8,3325547.7,0,8,0
22880,794867.2,3326040.5,0,8,0
22890,794463.5,3326659.9,0,8,0
22900,794350.2,3327928.9,0,8,0
22910,793951.5,3328951.6,0,8,0
22920,793176.2,3329301.1,0,8,0
22930,793775.1,3330366.7,0,8,0
22940,794412.8,3330361.9,0,8,0
22950,798726.8,3336701.3,0,8,0
22960,804606.2,3338765.4,0,8,0
22970,800858.8,3335889.8,0,8,0
22980,801109.1,3332288.5,0,8,0
22990,799012.6,3333953.2,0,8,0
23000,798880.6,3331831.7,0,8,0
23010,797797.2,3329415.3,0,8,0
23020,796089.2,3329812.4,0,8,0
23030,795584.7,3326888.9,0,8,0
23040,797038,3327243.5,0,8,0
23050,799758.6,3328530.6,0,8,0
23090,803126.2,3328307.9,0,8,0
23100,799048.9,3325599.3,0,8,0
23110,796949,3325238.9,0,8,0
23120,793781.2,3324727.7,0,8,0
23130,793628.1,3323822.6,0,8,0
23140,788821.8,3323677.4,0,8,0
23150,787262.2,3322461.6,0,8,0
23160,790181.8,3323058.3,0,8,0
23170,791197.3,3321573.7,0,8,0
23180,787202,3319559.1,0,8,0
23190,788398.6,3319380.1,0,8,0
23200,788728.5,3317718,0,8,0
23210,787973.9,3318512.2,0,8,0
23220,788000.3,3317876.4,0,8,0
23230,788147.6,3317275.7,0,8,0
23240,787762.9,3317188,0,8,0
23250,787134.7,3317910,0,8,0
23260,787922.3,3316572.8,0,8,0
23270,786490,3316699.2,0,8,0
23280,785990.3,3315874.3,0,8,0
23290,785305.6,3316531.4,0,8,0
23300,786133.6,3317416,0,8,0
23310,784699.4,3317081.6,0,8,0
23330,784488.2,3316501.7,0,8,0
23340,785421.9,3315164.9,0,8,0
23350,787150.4,3313697,0,8,0
23360,788125.8,3312631.9,0,8,0
23370,788995.7,3311874,0,8,0
23380,789165.3,3312961.2,0,8,0
23390,788586.4,3313113.9,0,8,0
23400,788533.4,3313861.7,0,8,0
23410,787357.5,3315060.1,0,8,0
23420,787621.4,3316133.4,0,8,0
23430,789252.7,3315494.2,0,8,0
23440,789146.5,3314550.2,0,8,0
23450,789636.4,3313471.4,0,8,0
23460,789908.6,3312270.2,0,8,0
23470,790357.7,3311391.3,0,8,0
23480,790495.8,3312375.9,0,8,0
23490,790942.1,3312579.8,0,8,0
23500,790692.6,3313841.1,0,8,0
23510,791837.5,3313727.1,0,8,0
23520,795916.8,3311821.2,0,8,0
23580,779901.1,3333842.9,0,8,0
23590,804844.6,3333380.3,0,8,0
23601,810788.2,3335838.3,0,8,0
23602,816227.5,3335227.7,0,8,0
23610,802193.7,3324911,0,8,0
35110,792119.3,3300093.6,0,8,0
35130,806964.2,3278174.4,0,8,0
35210,792884.2,3309595,0,8,0
35220,788065,3309026.6,0,8,0
35230,789628.6,3306989.7,0,8,0
35240,790489.3,3306086.8,0,8,0
35250,791370.2,3306696.7,0,8,0
35310,788011.1,3304009.8,0,8,0
35330,786457,3301404.2,0,8,0
35410,802447.2,3279196.7,0,8,0
35420,788341,3294691.3,0,8,0
35430,814195.7,3271584.7,0,8,0
35510,818422.9,3266574.2,0,8,0
35520,819735.6,3266761.7,0,8,0
35530,823152.5,3263687.1,0,8,0
35610,828477.1,3260248.1,0,8,0
35620,831905.1,3254538.1,0,8,0
35710,835503,3253037.6,0,8,0
35720,838823.2,3251550.9,0,8,0
35730,842892.2,3251335.3,0,8,0
35740,837295,3252016.3,0,8,0
35820,848423,3250970.7,0,8,0
35830,852824.3,3246087.6,0,8,0
44010,789725.6,3318937.6,0,8,0
44020,790398.1,3318673.5,0,8,0
44030,789359.4,3318049.4,0,8,0
44040,790034.6,3317719.1,0,8,0
44050,789120.6,3317436.1,0,8,0
44060,788783.4,3316710.8,0,8,0
44070,789792.6,3316423.3,0,8,0
44080,790480.1,3316339.8,0,8,0
44090,791590.6,3315433.5,0,8,0
44100,793288.6,3315808.9,0,8,0
44110,792546,3316163.4,0,8,0
44120,791714.7,3316634.7,0,8,0
44130,791016.9,3316808.5,0,8,0
44140,790872.3,3317281.1,0,8,0
44150,791495.4,3318237.7,0,8,0
44160,792443.5,3317702.2,0,8,0
44170,793010.4,3317309.8,0,8,0
44180,793805.1,3317088,0,8,0
44191,794981.6,3316684,0,8,0
44192,796881.7,3316293.5,0,8,0
44200,795232,3315409.1,0,8,0
44210,793872.8,3314735.5,0,8,0
44220,797321.9,3313677.2,0,8,0
44230,797722.8,3314506.2,0,8,0
44240,799236.7,3312736.7,0,8,0
44250,798742.1,3312004.4,0,8,0
44260,799353.4,3309321.7,0,8,0
44270,800340.3,3310332.8,0,8,0
44280,801262.1,3308764.3,0,8,0
44290,833567.8,3308310.4,0,8,0
44300,800794.1,3307472.1,0,8,0
44310,801113.9,3310982.8,0,8,0
44320,800068.8,3313184.9,0,8,0
44330,798553.8,3315218.9,0,8,0
44340,799372.5,3318290,0,8,0
44350,803089.9,3308663.6,0,8,0
44360,804376.9,3307542,0,8,0
44380,807392.9,3308966.1,0,8,0
44390,808420.2,3307662.1,0,8,0
50110,744988,3323662.9,0,8,0
50190,747230.7,3322884.9,0,8,0
52111,760294.8,3318329.3,0,8,0
52112,761025.7,3320627.9,0,8,0
52120,759476.1,3316899.2,0,8,0
52210,757761.7,3316229.6,0,8,0
52220,755531.1,3316109,0,8,0
52310,755500.1,3318600,0,8,0
52320,753040.1,3318400.6,0,8,0
52330,751995.9,3317988.1,0,8,0
52340,753231.1,3316364.7,0,8,0
52410,751670.1,3321244,0,8,0
52420,750518.4,3320860.1,0,8,0
52430,751591.7,3319343.5,0,8,0
52510,749764.3,3322400.6,0,8,0
52520,749231.6,3322871.7,0,8,0
52530,748666.6,3321883.8,0,8,0
52540,749441,3321342.2,0,8,0
52610,742124.2,3321968.5,0,8,0
52710,750437,3314981.2,0,8,0
52720,749937.1,3318119.4,0,8,0
52730,747672.6,3319204,0,8,0
52810,753500,3314091.3,0,8,0
52820,751844.1,3311880,0,8,0
52830,751320.4,3309311.4,0,8,0
52910,756578.4,3314104.8,0,8,0
52920,755293.5,3314320.6,0,8,0
52930,754376,3312569.8,0,8,0
52940,756294.7,3312853.4,0,8,0
53010,761947.3,3316169.9,0,8,0
53020,760332.3,3314252.1,0,8,0
53110,760577.6,3309375.4,0,8,0
53120,756384.7,3311305.9,0,8,0
53130,755059.3,3310852.2,0,8,0
53140,754293.8,3311198.9,0,8,0
53205,749132.7,3305408.1,0,8,0
53210,744625.1,3305617.4,0,8,0
53220,746381.2,3305679.3,0,8,0
53230,747024.1,3303291.5,0,8,0
53240,746384.4,3299887.3,0,8,0
53260,750627.5,3299758.8,0,8,0
60010,766891.9,3386115,0,8,0
60020,768601.5,3385539.1,0,8,0
60030,770526.2,3385386.2,0,8,0
60040,772211.6,3384977.7,0,8,0
60050,773913.8,3385142.2,0,8,0
60060,777517,3384365.2,0,8,0
60070,781292.7,3385465.2,0,8,0
60080,783053.1,3384229.2,0,8,0
60090,764952.7,3382697.1,0,8,0
60100,768256.4,3380590.2,0,8,0
60110,766608.5,3384704.1,0,8,0
60120,768273,3382908.3,0,8,0
60130,770286.3,3381471.1,0,8,0
60140,772539.3,3382500.6,0,8,0
60160,775494.5,3382056.2,0,8,0
60170,778316.7,3381582.9,0,8,0
60180,779847.7,3382427.2,0,8,0
60190,781472.7,3383096.6,0,8,0
60210,785455,3385509.5,0,8,0
60220,788635.2,3384026,0,8,0
60230,791570.3,3385112,0,8,0
60240,793852.6,3385341.5,0,8,0
60250,786137.6,3382271.1,0,8,0
60260,787746.3,3382336.7,0,8,0
60270,789786.6,3380815,0,8,0
60300,766036.5,3379326.5,0,8,0
60320,772922,3377511.8,0,8,0
60330,774317.7,3379409.8,0,8,0
60340,777970.1,3378809,0,8,0
60350,779631.1,3379846.9,0,8,0
60360,781697.6,3379438.6,0,8,0
60370,783357.4,3379239,0,8,0
60380,785075.5,3380266.9,0,8,0
60390,786772.1,3380935.6,0,8,0
60400,788039.2,3381131.5,0,8,0
60410,791997.9,3380744.9,0,8,0
60450,776192.1,3377764.8,0,8,0
60480,782361.5,3377604.7,0,8,0
60490,783323.6,3376824.6,0,8,0
60500,785487.5,3377872.6,0,8,0
60510,788123.9,3379075.4,0,8,0
60520,764977,3375928.8,0,8,0
60530,767637.7,3375833.6,0,8,0
60540,771064.8,3375913.4,0,8,0
60570,772566.4,3374607.9,0,8,0
60580,774682.1,3375398,0,8,0
60590,775376.4,3376330.8,0,8,0
60600,777101.9,3376698.6,0,8,0
60610,778169,3376495.3,0,8,0
60620,778610.5,3376653.9,0,8,0
60630,779025.8,3377004.4,0,8,0
60640,779652.2,3376565.7,0,8,0
60650,780430.5,3376631.8,0,8,0
60660,781839,3376386.7,0,8,0
60670,776993.1,3375466.6,0,8,0
60680,777775.3,3375809.6,0,8,0
60690,778503,3375887.7,0,8,0
60700,779101.5,3375554.4,0,8,0
60710,778274.9,3375387.4,0,8,0
60720,778787.4,3375233.6,0,8,0
60750,776809,3374627.7,0,8,0
60760,777881.7,3374903.8,0,8,0
60770,778656.9,3374626.7,0,8,0
60780,779183.5,3373888.1,0,8,0
60790,779832,3375099.6,0,8,0
60800,780317.7,3374208.8,0,8,0
60810,781596.5,3375137.1,0,8,0
60820,783340.9,3375686.6,0,8,0
60830,784097.6,3375350.7,0,8,0
60840,786024.7,3376191.7,0,8,0
60850,785840.8,3375057.4,0,8,0
60860,788868.9,3377099.1,0,8,0
60870,791812.4,3378118,0,8,0
60880,790863.2,3375139,0,8,0
60890,794844.4,3375327.7,0,8,0
60900,801440.6,3374667.7,0,8,0
60910,804239.9,3373828,0,8,0
60920,809870.3,3370394.2,0,8,0
60930,765902.1,3372809.1,0,8,0
60940,767451.1,3372212.9,0,8,0
60950,769989.5,3373498,0,8,0
60960,769897.3,3372325.8,0,8,0
60970,773232.4,3373112,0,8,0
60980,772549.2,3372009.3,0,8,0
60990,775834.8,3373777.6,0,8,0
61000,776101.7,3372309.8,0,8,0
61010,777563.4,3373103.5,0,8,0
61020,782107.3,3373882.6,0,8,0
61030,783634.3,3374437.1,0,8,0
61040,785417.9,3373975.7,0,8,0
61050,788855.1,3374114.3,0,8,0
61060,794902.4,3372354.8,0,8,0
61070,797011.1,3371910.4,0,8,0
61080,799541.7,3373191.3,0,8,0
61090,800042.6,3371174.9,0,8,0
61100,802341.7,3370587.6,0,8,0
61110,803729.9,3371274.7,0,8,0
61120,806706.8,3370926.2,0,8,0
61130,767418.8,3370775,0,8,0
61140,769649.5,3370317.1,0,8,0
61150,771219.4,3370613.1,0,8,0
61160,772963.4,3370618.6,0,8,0
61170,775264.3,3369590.8,0,8,0
61180,778004.3,3372021,0,8,0
61190,779464.4,3372958.6,0,8,0
61200,779063.8,3371319.8,0,8,0
61210,781575.6,3372940.3,0,8,0
61220,781145,3371636.2,0,8,0
61230,783122.2,3373132.4,0,8,0
61240,783584.9,3372623.5,0,8,0
61250,782768.7,3371271.8,0,8,0
61260,786572.1,3371528.9,0,8,0
61270,794657.9,3370026.7,0,8,0
61280,796776.9,3367949.1,0,8,0
61290,800497.3,3368532,0,8,0
61300,806858.1,3367280.7,0,8,0
61310,810989.3,3370405.1,0,8,0
61320,809977.6,3367221.2,0,8,0
61330,766060.2,3368756.7,0,8,0
61340,767643.7,3367044.3,0,8,0
61350,771108.5,3366683.7,0,8,0
61360,771779.6,3368701.8,0,8,0
61370,774733.8,3367991.5,0,8,0
61380,776873.9,3367583.8,0,8,0
61390,778468.4,3369923.6,0,8,0
61400,778956.3,3368304.1,0,8,0
61410,780994.6,3370070.3,0,8,0
61420,781105.3,3369192.7,0,8,0
61430,783247.1,3369931.5,0,8,0
61440,785026.1,3369987.1,0,8,0
61450,785873.3,3368136.9,0,8,0
61460,788644.6,3368208.7,0,8,0
61470,792296.3,3368349.1,0,8,0
61480,801659.5,3366773,0,8,0
61490,804806.2,3365845.4,0,8,0
61500,766033.3,3364503.7,0,8,0
61510,775325.7,3365059.3,0,8,0
61520,776620.9,3366405.1,0,8,0
61530,777784.9,3366103.4,0,8,0
61540,778869.9,3366861,0,8,0
61550,781729.4,3367538,0,8,0
61570,783901.7,3367262.5,0,8,0
61580,785114.8,3366778.5,0,8,0
61610,789808.5,3366204,0,8,0
61620,792596.9,3366911.4,0,8,0
61630,778329.1,3364713.8,0,8,0
61640,778561.3,3363446.7,0,8,0
61650,779120.3,3365568,0,8,0
61660,780055.8,3365203.7,0,8,0
61670,781816.4,3365803.8,0,8,0
61690,785727,3365683.9,0,8,0
61700,780425.7,3364256.1,0,8,0
61710,782297.8,3364527.6,0,8,0
61720,779921.3,3363720.4,0,8,0
61730,779831.2,3362958.6,0,8,0
61740,780706.1,3363278.6,0,8,0
61750,780488.1,3362649.3,0,8,0
61760,782361.6,3363568.6,0,8,0
61770,781943.7,3363310.7,0,8,0
61780,781421,3362880,0,8,0
61790,781049.8,3362297,0,8,0
61800,782758.8,3363463.3,0,8,0
61810,782491.8,3362976.3,0,8,0
61820,782123.3,3362499.6,0,8,0
61830,781757.3,3361893.2,0,8,0
61840,783976,3364628.5,0,8,0
61850,784257.9,3363817.9,0,8,0
61860,786818.3,3364818.4,0,8,0
61880,788776.7,3364378.4,0,8,0
61890,793547.1,3365467,0,8,0
61900,795060.1,3363197.8,0,8,0
61910,796774,3364092.2,0,8,0
61920,798415.1,3363587.6,0,8,0
61940,801525.7,3364222.7,0,8,0
61950,803067.8,3364602.7,0,8,0
61980,809068.4,3365417.5,0,8,0
61990,811845.2,3365438.5,0,8,0
62000,783125.4,3361746.4,0,8,0
62010,783954.9,3362486.5,0,8,0
62020,785632.9,3363238.8,0,8,0
62040,791086.7,3364061,0,8,0
62050,785451.5,3359872.8,0,8,0
62060,785599.9,3361725.8,0,8,0
62070,786574.8,3361841.9,0,8,0
62080,787839.5,3362584.4,0,8,0
62090,789599.6,3361737.9,0,8,0
62100,792849.4,3361894,0,8,0
62110,794478.3,3361256,0,8,0
62120,799652.3,3361928.7,0,8,0
62130,801733.1,3362072.9,0,8,0
62140,804350.7,3363433,0,8,0
62150,806410.7,3362448.3,0,8,0
62160,808329.2,3362687.6,0,8,0
62170,810812.8,3362353.8,0,8,0
62180,812016.9,3364258.6,0,8,0
62190,812641.8,3363068.4,0,8,0
62200,783045.2,3368655.7,0,8,0
62210,814838.4,3361910.2,0,8,0
62220,788442.4,3361336.4,0,8,0
62230,790553.5,3361420.7,0,8,0
62250,796695.6,3360119.9,0,8,0
62260,799444.4,3360327.5,0,8,0
62270,802265.5,3360860.9,0,8,0
62280,802992.7,3359428.3,0,8,0
62290,804509.4,3360080,0,8,0
62300,805511.2,3360612.3,0,8,0
62310,807254.9,3358858.6,0,8,0
62320,807733.1,3360355.9,0,8,0
62330,809089.2,3359463.5,0,8,0
62350,812065.1,3360297.9,0,8,0
62360,810431.8,3358973.8,0,8,0
62370,811957.8,3358575.6,0,8,0
62380,813053.9,3360772.7,0,8,0
62390,813263.9,3357997.3,0,8,0
62400,813971,3358670.4,0,8,0
62410,816000.6,3357833.2,0,8,0
62420,788415.7,3359090.3,0,8,0
62430,788892.4,3360094.1,0,8,0
62440,790929.8,3359699.2,0,8,0
62450,792453.3,3358954.9,0,8,0
62460,792631.4,3359750.5,0,8,0
62470,793947.2,3359626.2,0,8,0
62480,794892.6,3359967.5,0,8,0
62490,795443.4,3358526.3,0,8,0
62500,796803.6,3358175.6,0,8,0
62510,798626.1,3358513.8,0,8,0
62520,801535.5,3357831.9,0,8,0
62540,803685.4,3357769.6,0,8,0
62550,804851.8,3357306,0,8,0
62560,805867.4,3357015.9,0,8,0
62570,807942.2,3357011.9,0,8,0
62580,809893.3,3357106.4,0,8,0
62590,811489.6,3357030,0,8,0
62600,812383,3356286.4,0,8,0
62610,814018,3355982.1,0,8,0
62630,816489,3355077.9,0,8,0
62640,790835.1,3355315.2,0,8,0
62650,792031.2,3358515.7,0,8,0
62660,791729.8,3358033,0,8,0
62670,793469,3358008.5,0,8,0
62680,793357.8,3356607,0,8,0
62690,794242.9,3357478.4,0,8,0
62700,794152.2,3357140.6,0,8,0
62710,795187.6,3357574.3,0,8,0
62720,795090.3,3357084.1,0,8,0
62730,794790.2,3356273.9,0,8,0
62740,796607.3,3356940.5,0,8,0
62750,798988.9,3357543.9,0,8,0
62760,798600.1,3356658,0,8,0
62770,801172.9,3356454.4,0,8,0
62780,803708.6,3356415.1,0,8,0
62790,803337,3355152.4,0,8,0
62800,804788.6,3355328.5,0,8,0
62810,805774.1,3355879.8,0,8,0
62820,806983.6,3355318.5,0,8,0
62830,807889.6,3356105,0,8,0
62840,808184,3355099,0,8,0
62850,809558,3355956.2,0,8,0
62860,810861.2,3356234.3,0,8,0
62870,810344,3355413.8,0,8,0
62880,811241.5,3355152.5,0,8,0
62890,812311.6,3355213.3,0,8,0
62910,814941.9,3354614.2,0,8,0
62930,792569.3,3354907.2,0,8,0
62940,793946.9,3354920.1,0,8,0
62950,796012.7,3355592.3,0,8,0
62960,797584,3355017.2,0,8,0
62970,800011.4,3354636.6,0,8,0
62990,801015.2,3355810.8,0,8,0
63000,802106.2,3354619.3,0,8,0
63020,804610.7,3353691.7,0,8,0
63030,806425.8,3354382.5,0,8,0
63040,808312.7,3354061.6,0,8,0
63050,809207.4,3354571.4,0,8,0
63060,809870,3354532.1,0,8,0
63070,809801.4,3354095.3,0,8,0
63080,810424.3,3354362.8,0,8,0
63090,811265.6,3354300.7,0,8,0
63100,812034.2,3354068.1,0,8,0
63110,813264.9,3354374.9,0,8,0
63120,813042.4,3353401.2,0,8,0
63130,814649.6,3353271.6,0,8,0
63140,797350,3352475.5,0,8,0
63180,802758.7,3352913.9,0,8,0
63190,803191,3351605.4,0,8,0
63200,805564.3,3354123.3,0,8,0
63210,805258.5,3352290.4,0,8,0
63220,806430.2,3353091.1,0,8,0
63230,807253.8,3353037.3,0,8,0
63240,808123.6,3352579.8,0,8,0
63250,809545.6,3353512.1,0,8,0
63260,810233.5,3353542.6,0,8,0
63270,809389.4,3352894,0,8,0
63280,807950.4,3350254.3,0,8,0
63290,809555.9,3351895.2,0,8,0
63300,810347.1,3352496.2,0,8,0
63310,811371.9,3353007.5,0,8,0
63320,812891.2,3352211.5,0,8,0
63330,814374.5,3351436.3,0,8,0
63340,817332.1,3353019.1,0,8,0
63350,815759.7,3348145.9,0,8,0
63360,818669.2,3350647.8,0,8,0
63370,805113.3,3349946,0,8,0
63380,809142.6,3351024.1,0,8,0
63390,809846.5,3350688.8,0,8,0
63400,810656.5,3351085.6,0,8,0
63410,811307.8,3351617.4,0,8,0
63420,811009.9,3350206.4,0,8,0
63430,812808.9,3350424.4,0,8,0
63440,811346.2,3347375.2,0,8,0
63460,809355,3349215.7,0,8,0
63470,807865.4,3347728.2,0,8,0
63490,814534.9,3344421.8,0,8,0
63500,819366.7,3344699.4,0,8,0
63510,791142.4,3370759.3,0,8,0
65001,739622,3382792,0,8,0
65002,678224,3368822,0,8,0
65003,741034,3298513,0,8,0
65004,817493,3375740,0,8,0
65010,822132,3356892,0,8,0
